Protein1	Protein2	Percent_Identity
WP_142956017	WP_040366718.1	100.0
WP_039468618	WP_366919652.1	91.892
WP_096660655	WP_260479442.1	100.0
WP_070719924	WP_155813798.1	95.161
WP_353525381	WP_272881226.1	96.774
WP_165812588	WP_421666502.1	93.939
WP_317699130	WP_223246854.1	99.741
WP_318590288	WP_124065257.1	100.0
WP_214176868	WP_260479442.1	87.097
WP_213542299	WP_228710993.1	95.105
WP_161400299	WP_272881226.1	96.774
WP_311102690	WP_366919652.1	94.595
WP_394606730	WP_228710993.1	95.105
WP_257645347	WP_233433202.1	93.5
WP_262187856	WP_260479442.1	94.118
WP_256791197	WP_247095357.1	95.065
WP_266237378	WP_260479442.1	96.97
WP_161647796	WP_124065253.1	100.0
WP_032730608	WP_272881226.1	93.548
WP_163455010	WP_152692415.1	95.57
WP_040224226	WP_272881226.1	93.548
WP_083022125	WP_272881226.1	93.548
WP_332652737	WP_124065253.1	100.0
WP_319885826	WP_156940919.1	86.667
WP_338350363	WP_040366718.1	100.0
WP_275266563	WP_323808049.1	97.222
WP_284554624	WP_255128775.1	85.714
WP_337452952	WP_410401005.1	99.587
WP_323808050	WP_417064782.1	88.991
WP_348646435	WP_247095357.1	100.0
WP_022651754	WP_260479442.1	94.118
WP_234815522	WP_409997804.1	100.0
WP_394606622	WP_228712067.1	86.486
WP_228723001	WP_323808049.1	87.879
WP_228175537	WP_421666502.1	93.939
WP_201752314	WP_410401005.1	100.0
WP_026539918	WP_349472011.1	92.727
WP_239692970	WP_323808049.1	97.222
WP_374063457	WP_409240751.1	95.122
WP_264754112	WP_323808049.1	97.222
WP_265813881	WP_272881226.1	93.548
WP_210408756	WP_057190336.1	98.485
WP_172901318	WP_409997804.1	99.797
WP_250901997	WP_272881226.1	96.774
WP_102003898	WP_366919652.1	94.595
WP_130983528	WP_124065253.1	94.805
WP_118149125	WP_416388739.1	95.455
WP_394606567	WP_228712067.1	86.486
WP_369024705	WP_041159810.1	92.857
WP_395532396	WP_040366718.1	100.0
WP_249418449	WP_410401005.1	100.0
WP_349816124	WP_409997804.1	99.898
WP_311207970	WP_425323302.1	89.362
WP_345757892	WP_152692415.1	94.863
WP_310663721	WP_332606491.1	99.2
WP_368759959	WP_421666502.1	93.939
WP_373859702	WP_323808049.1	97.222
WP_261289655	WP_249533827.1	100.0
WP_252498763	WP_233433202.1	93.878
WP_242811562	WP_410401005.1	100.0
WP_200535721	WP_260479442.1	90.323
WP_347054533	WP_432280865.1	97.256
WP_337086725	WP_323808049.1	97.222
WP_118615440	WP_416388739.1	95.455
WP_004426373	WP_307444937.1	99.02
WP_368462358	WP_366919652.1	94.595
WP_265935392	WP_152692415.1	90.088
WP_159121403	WP_332606491.1	97.6
WP_257725782	WP_228036025.1	86.486
WP_332442825	WP_226961205.1	98.901
WP_021559847	WP_421666502.1	93.939
WP_394606523	WP_228712067.1	86.486
WP_001144731	WP_409997804.1	99.797
WP_266098070	WP_228712067.1	86.486
WP_019841975	WP_152692415.1	90.15
WP_122463737	WP_272881226.1	93.548
WP_130983528	WP_332606491.1	95.2
WP_216350583	WP_410401005.1	100.0
WP_408882440	WP_332606491.1	86.111
WP_317068639	WP_367239353.1	87.356
WP_004426373	WP_307444936.1	86.486
WP_012774973	WP_226961205.1	100.0
WP_124062342	WP_323808049.1	97.222
WP_047050533	WP_421666502.1	93.939
WP_346802862	WP_165768430.1	98.701
WP_317699130	WP_016357131.1	98.916
WP_387100634	WP_349472011.1	89.091
WP_065772355	WP_228710993.1	95.105
WP_201897035	WP_095758858.1	99.448
WP_244429478	WP_249533827.1	100.0
WP_284868366	WP_040366718.1	96.552
WP_251362409	WP_410401005.1	100.0
WP_395039532	WP_260479442.1	87.5
WP_286632053	WP_272881226.1	96.774
WP_232627595	WP_417064782.1	95.946
WP_221686811	WP_410401005.1	100.0
WP_265503066	WP_019269577.1	97.531
WP_285276677	WP_152692415.1	88.171
WP_227165824	WP_409997804.1	100.0
WP_208546926	WP_226961205.1	93.407
WP_219720750	WP_323808049.1	97.222
WP_172427015	WP_271342744.1	96.97
WP_213044741	WP_069985718.1	93.827
WP_055215827	WP_182430006.1	93.258
WP_394606299	WP_228712067.1	86.486
WP_264974851	WP_258662729.1	90.155
WP_259272383	WP_057190336.1	98.485
WP_256359760	WP_228036025.1	88.462
WP_136086446	WP_152692415.1	93.721
WP_241505310	WP_272881226.1	87.097
WP_117822184	WP_416388739.1	95.455
WP_232627578	WP_417064782.1	100.0
WP_279620791	WP_151388564.1	98.947
WP_275235079	WP_409997804.1	100.0
WP_114138886	WP_272881226.1	96.774
WP_208377192	WP_110014917.1	93.496
WP_395039524	WP_323808049.1	96.296
WP_205543576	WP_366919652.1	86.486
WP_169446114	WP_172076298.1	88.372
WP_262943872	WP_409997804.1	99.797
WP_394606206	WP_228712067.1	86.486
WP_005845918	WP_124752490.1	93.75
WP_227549693	WP_409240751.1	90.244
WP_264546662	WP_366919652.1	94.595
WP_366961749	WP_323808049.1	97.222
WP_394474918	WP_228712067.1	86.486
WP_228710589	WP_323808049.1	97.222
WP_317305022	WP_366919652.1	94.595
WP_316364038	WP_269485194.1	92.982
WP_044713781	WP_421666502.1	93.939
WP_225376979	WP_421666502.1	93.939
WP_258184836	WP_228712067.1	86.486
WP_311040697	WP_409997804.1	99.797
WP_248947365	WP_410401005.1	100.0
WP_305218327	WP_409240751.1	97.561
WP_139618852	WP_233433202.1	100.0
WP_407027160	WP_040366718.1	96.552
WP_041790461	WP_228023579.1	87.5
WP_203161997	WP_409997804.1	100.0
WP_161652932	WP_332606491.1	99.2
WP_281082104	WP_260479442.1	100.0
WP_308733331	WP_272881226.1	96.774
WP_368096435	WP_432281161.1	93.927
WP_181211389	WP_409997804.1	99.894
WP_133318502	WP_124065253.1	98.701
WP_262219578	WP_152692415.1	90.168
WP_057072958	WP_332606491.1	96.0
WP_215715535	WP_182430006.1	86.517
WP_348270668	WP_409997804.1	99.898
WP_171921991	WP_409997804.1	99.797
WP_394606121	WP_228712067.1	86.486
WP_227515271	WP_260479442.1	90.323
WP_028120407	WP_410401005.1	99.587
WP_394606523	WP_323808049.1	97.222
WP_231210559	WP_409997804.1	100.0
WP_064690928	WP_312216037.1	86.782
WP_233969931	WP_410401005.1	100.0
WP_332606489	WP_165768430.1	95.763
WP_161652932	WP_417064782.1	85.294
WP_277388826	WP_409997804.1	100.0
WP_210408756	WP_228710993.1	95.105
WP_226134092	WP_410401005.1	100.0
WP_230585800	WP_332606491.1	87.5
WP_248076626	WP_421666502.1	90.909
WP_261289655	WP_233433202.1	95.161
WP_408880899	WP_421666502.1	96.97
WP_045081926	WP_434335677.1	97.126
WP_227666605	WP_417064782.1	94.382
WP_040469358	WP_113774492.1	95.556
WP_221018574	WP_332606491.1	99.2
WP_230593178	WP_243728866.1	96.97
WP_286595674	WP_228710993.1	93.706
WP_327027658	WP_165768430.1	95.763
WP_394606285	WP_323808049.1	97.222
WP_337478208	WP_004384057.1	90.984
WP_110209334	WP_272881226.1	93.548
WP_346802862	WP_124065253.1	94.805
WP_088137235	WP_366919652.1	94.595
WP_172870346	WP_069985718.1	99.625
WP_407230818	WP_272881226.1	96.774
WP_229264966	WP_323808049.1	97.222
WP_131636128	WP_272881226.1	87.097
WP_042751177	WP_172076298.1	87.5
WP_227910275	WP_409997804.1	99.892
WP_271717196	WP_432280865.1	97.561
WP_175566493	WP_409997804.1	98.782
WP_238330051	WP_040366718.1	96.552
WP_250115252	WP_233433202.1	93.878
WP_224275688	WP_069985718.1	88.91
WP_108367858	WP_421666502.1	93.939
WP_193162730	WP_366919652.1	91.892
WP_222186204	WP_366919652.1	94.595
WP_337670338	WP_004384057.1	89.535
WP_016166036	WP_227554590.1	93.878
WP_096836561	WP_152692415.1	89.814
WP_347813926	WP_373879108.1	98.113
WP_219714451	WP_069985718.1	99.719
WP_374063457	WP_124065253.1	94.805
WP_237764315	WP_069985718.1	93.827
WP_226339348	WP_228712067.1	86.486
WP_176686621	WP_410401005.1	100.0
WP_400313073	WP_366919652.1	91.892
WP_373859701	WP_057190336.1	98.485
WP_251849809	WP_233433202.1	90.323
WP_346802862	WP_332606491.1	95.2
WP_340125808	WP_323808049.1	87.879
WP_249515314	WP_272881226.1	96.774
WP_400350124	WP_272881226.1	87.097
WP_394606984	WP_228710993.1	95.105
WP_220412825	WP_366919652.1	94.595
WP_181590013	WP_069985718.1	99.812
WP_118149125	WP_182430006.1	100.0
WP_214211839	WP_409240751.1	85.366
WP_257645347	WP_409024342.1	93.443
WP_253904954	WP_260479442.1	87.5
WP_203168226	WP_228710993.1	95.105
WP_320431381	WP_260479442.1	100.0
WP_340125809	WP_417064782.1	100.0
WP_021560908	WP_421666502.1	93.939
WP_032733170	WP_272881226.1	93.548
WP_252358772	WP_409997804.1	100.0
WP_400313073	WP_421666502.1	90.909
WP_237113177	WP_258662729.1	90.722
WP_204362517	WP_409997804.1	99.797
WP_169050784	WP_124065253.1	100.0
WP_394489352	WP_228712067.1	86.486
WP_126501779	WP_272881226.1	90.323
WP_171429069	WP_367239353.1	85.057
WP_277465709	WP_260479442.1	90.323
WP_011387484	WP_041159810.1	98.214
WP_284327213	WP_425323302.1	94.737
WP_251849811	WP_272881226.1	93.548
WP_331387339	WP_124065253.1	100.0
WP_279620791	WP_162624697.1	99.487
WP_262162178	WP_152692415.1	94.06
WP_117251240	WP_332606491.1	99.2
WP_172452267	WP_409997804.1	99.882
WP_400309017	WP_272881226.1	96.774
WP_332868278	WP_417064782.1	88.889
WP_227910661	WP_272881226.1	96.774
WP_117022942	WP_272881226.1	93.548
WP_065773256	WP_323808049.1	97.222
WP_241098507	WP_238580651.1	87.5
WP_232627595	WP_124065253.1	100.0
WP_247163508	WP_409997804.1	99.797
WP_394496931	WP_323808049.1	97.222
WP_404855858	WP_417064782.1	98.261
WP_093987474	WP_228710993.1	95.105
WP_196615575	WP_409997804.1	99.797
WP_238960058	WP_228712067.1	86.486
WP_251290465	WP_410401005.1	100.0
WP_214680451	WP_069985718.1	91.667
WP_337453636	WP_069985718.1	93.827
WP_323807848	WP_417064782.1	85.149
WP_034020385	WP_367239353.1	85.057
WP_065772103	WP_228710993.1	95.105
WP_187251289	WP_409240751.1	90.244
WP_394606167	WP_323808049.1	97.222
WP_349665052	WP_409997804.1	99.661
WP_258962585	WP_272881226.1	93.548
WP_265003197	WP_247095357.1	98.601
WP_394605991	WP_228712067.1	86.486
WP_231527659	WP_409997804.1	100.0
WP_169513222	WP_228712067.1	86.486
WP_176557544	WP_409997804.1	99.594
WP_205845250	WP_152692415.1	89.991
WP_096996960	WP_255128775.1	85.714
WP_277973528	WP_150015924.1	85.106
WP_249386139	WP_228023579.1	90.625
WP_408065193	WP_366919652.1	94.595
WP_241098507	WP_241194367.1	91.459
WP_228477218	WP_226961205.1	100.0
WP_239691429	WP_228712067.1	86.486
WP_264974850	WP_367239353.1	86.207
WP_252391305	WP_409997804.1	99.826
WP_394628124	WP_409997804.1	99.797
WP_225395866	WP_247095357.1	86.885
WP_021534945	WP_410401005.1	100.0
WP_261630093	WP_410401005.1	100.0
WP_264292936	WP_323808049.1	97.222
WP_407218356	WP_272881226.1	96.774
WP_223331232	WP_172076298.1	89.167
WP_208369769	WP_110014917.1	94.309
WP_253904954	WP_323808049.1	97.222
WP_232627596	WP_417064782.1	100.0
WP_021520969	WP_421666502.1	93.939
WP_318817174	WP_226961205.1	100.0
WP_247176985	WP_410401005.1	100.0
WP_241374247	WP_260479442.1	100.0
WP_237158990	WP_409997804.1	99.659
WP_269317264	WP_332606491.1	99.2
WP_203032329	WP_124065257.1	94.34
WP_349633029	WP_410401005.1	99.174
WP_164840364	WP_332606491.1	99.2
WP_136655222	WP_417064782.1	100.0
WP_268602808	WP_272881226.1	96.774
WP_317699130	WP_281193273.1	100.0
WP_347452325	WP_368092246.1	95.652
WP_006662113	WP_421666502.1	90.909
WP_264974851	WP_273681674.1	97.596
WP_251933974	WP_373879108.1	96.552
WP_392440335	WP_152692415.1	94.824
WP_267452667	WP_323808049.1	93.939
WP_069557547	WP_367239353.1	86.207
WP_394612491	WP_228712067.1	86.486
WP_349251642	WP_409997804.1	99.898
WP_131186985	WP_152692415.1	90.08
WP_236486712	WP_152692415.1	88.717
WP_205594441	WP_272881226.1	87.097
WP_001723031	WP_409997804.1	99.594
WP_247146909	WP_409997804.1	99.645
WP_235154195	WP_410401005.1	100.0
WP_216348389	WP_409997804.1	99.797
WP_137540006	WP_249533827.1	100.0
WP_241091193	WP_241194367.1	91.429
WP_181877452	WP_410401005.1	99.587
WP_366961749	WP_260479442.1	87.5
WP_277449982	WP_323808049.1	97.222
WP_044693361	WP_226961205.1	95.604
WP_142764674	WP_228710993.1	94.444
WP_210709120	WP_124065253.1	100.0
WP_323848557	WP_332606491.1	99.2
WP_349816124	WP_410401005.1	99.524
WP_185775539	WP_332606491.1	96.8
WP_323667671	WP_366919652.1	91.892
WP_170880458	WP_410401005.1	92.975
WP_114507568	WP_332606491.1	99.2
WP_079905833	WP_152692415.1	95.394
WP_407251037	WP_323808049.1	97.222
WP_261310675	WP_272881226.1	96.774
WP_228710025	WP_323808049.1	97.222
WP_332416411	WP_226961205.1	100.0
WP_317699291	WP_223246854.1	99.408
WP_311817023	WP_040366718.1	100.0
WP_228730064	WP_409997804.1	100.0
WP_394606790	WP_260479442.1	90.323
WP_264722189	WP_409997804.1	100.0
WP_349434238	WP_421666502.1	93.939
WP_228710025	WP_260479442.1	90.323
WP_246842274	WP_421666502.1	93.939
WP_181241439	WP_323808049.1	97.222
WP_225596626	WP_040366718.1	96.552
WP_140561723	WP_323808049.1	97.222
WP_170915282	WP_410401005.1	93.802
WP_019186866	WP_004384057.1	95.161
WP_240994997	WP_258662729.1	93.782
WP_327084353	WP_226961205.1	100.0
WP_260513812	WP_421666502.1	93.939
WP_217324719	WP_124065253.1	100.0
WP_317699291	WP_281193273.1	100.0
WP_159678879	WP_366919652.1	91.892
WP_061357199	WP_272881226.1	96.774
WP_283719093	WP_323808049.1	97.222
WP_228730065	WP_410401005.1	100.0
WP_186238490	WP_409997804.1	99.887
WP_277460970	WP_228710993.1	95.105
WP_255062500	WP_272881226.1	96.774
WP_048228060	WP_272881226.1	96.774
WP_409222345	WP_410401005.1	100.0
WP_217324719	WP_332606491.1	98.4
WP_224250614	WP_366919652.1	94.595
WP_374063457	WP_165768430.1	98.701
WP_318042167	WP_332606491.1	98.4
WP_392360179	WP_255128775.1	89.796
WP_046784161	WP_019269578.1	96.429
WP_264754174	WP_260479442.1	87.5
WP_169057873	WP_425323302.1	95.238
WP_159678879	WP_421666502.1	90.909
WP_046784161	WP_243728866.1	96.97
WP_267498443	WP_228712067.1	86.486
WP_097593467	WP_152692415.1	89.991
WP_032434699	WP_409240751.1	97.561
WP_165708090	WP_272881226.1	87.097
WP_237158990	WP_410401005.1	100.0
WP_097593467	WP_425323302.1	89.362
WP_041179092	WP_226961205.1	100.0
WP_249928821	WP_409997804.1	100.0
WP_253263304	WP_040366718.1	96.552
WP_223246853	WP_281193273.1	100.0
WP_404855401	WP_409997804.1	99.898
WP_117094331	WP_409240751.1	97.561
WP_394606121	WP_260479442.1	87.5
WP_262187856	WP_409240751.1	95.122
WP_159121403	WP_260479442.1	100.0
WP_061300998	WP_152692415.1	94.843
WP_226961206	WP_228475700.1	99.231
WP_251287723	WP_409997804.1	100.0
WP_258962584	WP_251849807.1	95.082
WP_305218327	WP_260479442.1	100.0
WP_199353508	WP_410401005.1	100.0
WP_409024341	WP_272881226.1	96.774
WP_097425800	WP_233433202.1	93.878
WP_322873259	WP_425323302.1	89.362
WP_241689015	WP_040366718.1	100.0
WP_225389120	WP_409240751.1	95.122
WP_289250880	WP_152692415.1	95.6
WP_124135821	WP_367239353.1	85.057
WP_394606905	WP_228710993.1	95.105
WP_224479652	WP_409997804.1	99.891
WP_340125809	WP_124065253.1	100.0
WP_181876955	WP_069985718.1	99.812
WP_064174929	WP_124065253.1	98.701
WP_264972060	WP_421666502.1	93.939
WP_107318709	WP_228710993.1	95.105
WP_152837078	WP_425323302.1	89.362
WP_060426018	WP_272881226.1	93.548
WP_176168203	WP_410401005.1	93.802
WP_124040463	WP_332606491.1	99.167
WP_200524206	WP_409997804.1	99.797
WP_285097163	WP_323808049.1	86.111
WP_380189034	WP_260479442.1	96.97
WP_169513222	WP_228710993.1	95.105
WP_271096029	WP_409997804.1	99.797
WP_259359064	WP_124065253.1	100.0
WP_340078439	WP_409997804.1	99.898
WP_367993333	WP_421666502.1	93.939
WP_227627403	WP_417064782.1	99.737
WP_170318072	WP_409997804.1	99.492
WP_269484000	WP_269490028.1	93.976
WP_228710995	WP_228712067.1	100.0
WP_394606130	WP_228712067.1	86.486
WP_011342191	WP_156940919.1	86.667
WP_156293011	WP_272881226.1	96.774
WP_372906853	WP_409997804.1	100.0
WP_279734859	WP_227554590.1	86.735
WP_180397331	WP_249533827.1	100.0
WP_172901318	WP_410401005.1	100.0
WP_065882691	WP_272881226.1	87.097
WP_349633029	WP_409997804.1	99.659
WP_251301791	WP_409997804.1	100.0
WP_373555451	WP_247095357.1	94.89
WP_274758026	WP_226961205.1	100.0
WP_095669547	WP_113774492.1	100.0
WP_353516489	WP_410401005.1	100.0
WP_318041159	WP_417064782.1	100.0
WP_089634917	WP_425323302.1	89.362
WP_318042167	WP_417064782.1	100.0
WP_117034245	WP_124065253.1	94.805
WP_159121403	WP_417064782.1	99.478
WP_243823017	WP_272881226.1	93.548
WP_265278939	WP_367239353.1	88.333
WP_241407768	WP_409997804.1	99.797
WP_349251982	WP_409997804.1	99.898
WP_326924969	WP_421666502.1	93.939
WP_045081926	WP_243728866.1	98.485
WP_170914565	WP_409997804.1	87.107
WP_399844871	WP_156940919.1	86.667
WP_394500600	WP_323808049.1	97.222
WP_353580837	WP_165768430.1	95.763
WP_394496931	WP_260479442.1	87.5
WP_194849435	WP_272881226.1	96.774
WP_226961206	WP_239022530.1	98.529
WP_200074259	WP_332606491.1	99.2
WP_016263491	WP_367239353.1	86.207
WP_001144731	WP_410401005.1	100.0
WP_001144735	WP_410401005.1	92.975
WP_244586515	WP_410401005.1	100.0
WP_198404329	WP_124752490.1	93.75
WP_219274537	WP_069985718.1	93.827
WP_213542299	WP_228712067.1	86.486
WP_353520550	WP_410401005.1	99.587
WP_181567430	WP_409997804.1	99.695
WP_044005417	WP_095758858.1	90.055
WP_136655222	WP_124065253.1	100.0
WP_259652724	WP_069985718.1	100.0
WP_371333752	WP_272881226.1	96.774
WP_200041655	WP_421666502.1	93.939
WP_238971868	WP_260479442.1	87.5
WP_396614616	WP_271342744.1	96.97
WP_242449220	WP_366919652.1	97.297
WP_229264966	WP_228710993.1	95.105
WP_368102412	WP_432281161.1	94.737
WP_375846971	WP_421666502.1	93.939
WP_097471614	WP_421666502.1	93.939
WP_305200074	WP_069985718.1	99.906
WP_264752709	WP_409997804.1	98.958
WP_258075881	WP_040366718.1	100.0
WP_249418449	WP_409997804.1	99.289
WP_269535512	WP_409240751.1	90.244
WP_261161298	WP_421666502.1	93.939
WP_223524295	WP_421666502.1	96.97
WP_161652932	WP_124065253.1	100.0
WP_161422425	WP_156940919.1	86.667
WP_167803807	WP_152692415.1	88.271
WP_240514937	WP_323808049.1	97.222
WP_265496313	WP_041159810.1	92.857
WP_340125808	WP_260479442.1	97.059
WP_243045640	WP_366919652.1	94.595
WP_249942391	WP_409997804.1	99.391
WP_247146909	WP_410401005.1	100.0
WP_170995639	WP_409997804.1	98.579
WP_332679050	WP_332606491.1	99.2
WP_353524257	WP_410401005.1	100.0
WP_252093813	WP_272881226.1	93.939
WP_394606481	WP_323808049.1	97.222
WP_201992565	WP_228036025.1	95.455
WP_394605970	WP_228712067.1	86.486
WP_250855106	WP_409997804.1	100.0
WP_096936100	WP_152692415.1	90.08
WP_244586515	WP_409997804.1	97.059
WP_285132278	WP_228023579.1	90.625
WP_227538379	WP_228712067.1	86.486
WP_281082104	WP_409240751.1	97.561
WP_181211389	WP_410401005.1	100.0
WP_349856259	WP_421666502.1	87.879
WP_228709039	WP_409997804.1	99.874
WP_186750692	WP_367239353.1	87.356
WP_333771957	WP_260479442.1	97.059
WP_353580837	WP_124065257.1	100.0
WP_024402395	WP_434999535.1	98.788
WP_001144733	WP_409997804.1	99.797
WP_228709504	WP_409240751.1	97.561
WP_394469545	WP_228710993.1	95.105
WP_241091193	WP_285230769.1	88.942
WP_256947855	WP_323808049.1	97.222
WP_179123691	WP_409997804.1	85.787
WP_284241428	WP_409240751.1	95.122
WP_316894616	WP_043514340.1	88.278
WP_097414149	WP_272881226.1	96.774
WP_262943872	WP_410401005.1	100.0
WP_273660020	WP_366919652.1	94.595
WP_115501475	WP_272881226.1	96.774
WP_044061684	WP_409997804.1	99.797
WP_259637667	WP_410401005.1	100.0
WP_148897280	WP_409240751.1	90.244
WP_186962252	WP_260479442.1	90.323
WP_204163318	WP_409997804.1	99.833
WP_277465709	WP_228710993.1	95.105
WP_242781012	WP_124065257.1	94.34
WP_119225658	WP_416388739.1	95.455
WP_065801005	WP_260479442.1	100.0
WP_115465647	WP_272881226.1	96.774
WP_205014335	WP_226961205.1	97.802
WP_013852862	WP_261369487.1	99.408
WP_182099920	WP_421666502.1	87.879
WP_304519902	WP_228023579.1	100.0
WP_289883608	WP_226961205.1	100.0
WP_116362339	WP_272881226.1	87.097
WP_210850864	WP_272881226.1	87.097
WP_318590288	WP_165768430.1	95.763
WP_274803560	WP_410401005.1	100.0
WP_394606452	WP_228710993.1	95.105
WP_237990502	WP_409997804.1	99.797
WP_249354768	WP_409997804.1	99.366
WP_249534031	WP_409997804.1	99.856
WP_020078153	WP_260479442.1	90.323
WP_342706873	WP_421666502.1	96.97
WP_394606567	WP_323808049.1	97.222
WP_237113177	WP_238580651.1	100.0
WP_101705289	WP_366919652.1	94.595
WP_171921991	WP_410401005.1	100.0
WP_097409326	WP_152692415.1	90.08
WP_117109324	WP_260479442.1	100.0
WP_316894616	WP_238580651.1	86.486
WP_180814337	WP_057190336.1	98.485
WP_228380910	WP_226961205.1	100.0
WP_252382616	WP_409997804.1	100.0
WP_170318072	WP_410401005.1	100.0
WP_124062342	WP_260479442.1	90.323
WP_048982741	WP_069985718.1	93.827
WP_256627706	WP_260479442.1	87.5
WP_096660655	WP_124065253.1	100.0
WP_040214404	WP_332606491.1	99.2
WP_349292786	WP_432281161.1	93.927
WP_119127139	WP_069985718.1	99.906
WP_258876786	WP_409997804.1	100.0
WP_169050784	WP_332606491.1	99.2
WP_350502055	WP_069985718.1	85.321
WP_105282360	WP_272881226.1	96.774
WP_251258109	WP_410401005.1	100.0
WP_258962584	WP_409024342.1	98.113
WP_200074259	WP_409240751.1	97.561
WP_367670805	WP_228710993.1	95.105
WP_261255673	WP_152692415.1	85.562
WP_332679199	WP_332606491.1	99.2
WP_367294504	WP_373879108.1	94.545
WP_237113177	WP_285230769.1	99.043
WP_337483657	WP_004384057.1	90.984
WP_225389120	WP_124065253.1	94.805
WP_320431381	WP_409240751.1	97.561
WP_124062342	WP_228710993.1	95.105
WP_203032329	WP_260479442.1	94.118
WP_188028209	WP_069985718.1	99.719
WP_140044722	WP_249533827.1	100.0
WP_249418450	WP_410401005.1	100.0
WP_336647015	WP_228023579.1	90.625
WP_284923873	WP_260479442.1	94.118
WP_117085420	WP_260479442.1	90.323
WP_142984997	WP_332606491.1	98.571
WP_145586832	WP_421666502.1	93.939
WP_016265246	WP_373879108.1	96.552
WP_256627706	WP_228712067.1	86.486
WP_259899274	WP_228023579.1	90.625
WP_228730065	WP_069985718.1	85.654
WP_257645347	WP_251849807.1	95.082
WP_032492269	WP_409997804.1	100.0
WP_226134092	WP_069985718.1	87.215
WP_001144735	WP_409997804.1	85.888
WP_394520777	WP_228710993.1	95.105
WP_250110846	WP_409997804.1	99.778
WP_226961206	WP_274758025.1	100.0
WP_205246975	WP_409997804.1	98.579
WP_170973680	WP_409997804.1	99.492
WP_204377798	WP_152692415.1	90.741
WP_176210974	WP_410401005.1	99.587
WP_232035931	WP_040366718.1	96.552
WP_227627403	WP_260479442.1	97.059
WP_139774401	WP_409997804.1	100.0
WP_254681156	WP_151388564.1	100.0
WP_267200225	WP_249533827.1	100.0
WP_064765931	WP_409997804.1	97.143
WP_374063457	WP_417064782.1	98.956
WP_252368114	WP_409997804.1	99.065
WP_241526466	WP_228712067.1	86.486
WP_270281460	WP_040366718.1	100.0
WP_242647603	WP_409997804.1	99.797
WP_202847757	WP_409997804.1	99.695
WP_407245475	WP_417064782.1	100.0
WP_394517593	WP_260479442.1	87.5
WP_060529667	WP_273681674.1	87.019
WP_228710589	WP_260479442.1	90.323
WP_408880899	WP_366919652.1	97.297
WP_172410570	WP_272881226.1	96.774
WP_350502055	WP_410401005.1	96.552
WP_162769833	WP_272881226.1	90.909
WP_323733866	WP_272881226.1	96.774
WP_065810061	WP_409240751.1	97.561
WP_237158988	WP_409997804.1	99.653
WP_167803806	WP_152692415.1	95.205
WP_338321817	WP_373879108.1	98.182
WP_162758590	WP_152692415.1	92.593
WP_204362517	WP_410401005.1	100.0
WP_186572941	WP_345788826.1	85.0
WP_236488068	WP_152692415.1	89.256
WP_349883607	WP_421666502.1	87.879
WP_227900960	WP_366919652.1	94.595
WP_145586832	WP_247095357.1	85.992
WP_239637978	WP_409997804.1	99.898
WP_285276603	WP_425323302.1	87.234
WP_238969398	WP_124065253.1	100.0
WP_228175537	WP_366919652.1	94.595
WP_087588798	WP_124065253.1	100.0
WP_311102690	WP_421666502.1	93.939
WP_284923873	WP_417064782.1	99.217
WP_241500613	WP_323808049.1	97.222
WP_238710064	WP_226961205.1	90.11
WP_258184836	WP_323808049.1	97.222
WP_227013147	WP_274758025.1	100.0
WP_231530261	WP_409997804.1	99.659
WP_251258108	WP_409997804.1	100.0
WP_200535721	WP_323808049.1	97.222
WP_257645346	WP_272881226.1	87.097
WP_400275930	WP_425323302.1	87.234
WP_247163508	WP_410401005.1	100.0
WP_238967745	WP_260479442.1	87.5
WP_244591735	WP_272881226.1	96.774
WP_332679047	WP_165768430.1	95.763
WP_252354386	WP_409997804.1	100.0
WP_136655222	WP_409240751.1	97.561
WP_316364038	WP_143297696.1	96.939
WP_196615575	WP_410401005.1	100.0
WP_209317952	WP_069985718.1	93.75
WP_368759959	WP_366919652.1	94.595
WP_253180042	WP_409997804.1	98.985
WP_323087927	WP_069985718.1	88.626
WP_407251314	WP_417064782.1	100.0
WP_045146807	WP_409997804.1	100.0
WP_252368106	WP_409997804.1	99.773
WP_318041159	WP_332606491.1	99.2
WP_394504887	WP_228712788.1	95.238
WP_261310674	WP_233433202.1	93.878
WP_118141597	WP_416388739.1	95.455
WP_326286388	WP_421666502.1	93.939
WP_237113177	WP_273681674.1	98.086
WP_250855104	WP_410401005.1	98.824
WP_394628124	WP_410401005.1	100.0
WP_102003898	WP_421666502.1	93.939
WP_139774408	WP_409997804.1	100.0
WP_263059207	WP_421666502.1	93.939
WP_001144732	WP_410401005.1	100.0
WP_394517593	WP_323808049.1	97.222
WP_201356797	WP_410401005.1	100.0
WP_337453636	WP_409997804.1	98.718
WP_244591734	WP_255128775.1	85.714
WP_097748978	WP_272881226.1	96.774
WP_394606481	WP_260479442.1	87.5
WP_269600369	WP_228023579.1	90.625
WP_126287453	WP_333727762.1	100.0
WP_394482520	WP_228712067.1	86.486
WP_285276603	WP_152692415.1	94.328
WP_349087056	WP_432281161.1	94.737
WP_285706664	WP_040366718.1	96.552
WP_114500429	WP_366919652.1	97.297
WP_311752783	WP_233433202.1	93.878
WP_251122374	WP_410401005.1	100.0
WP_226134092	WP_409997804.1	99.291
WP_332652737	WP_417064782.1	100.0
WP_246863463	WP_410401005.1	100.0
WP_227666605	WP_332606491.1	99.2
WP_333954075	WP_228710993.1	95.105
WP_231793536	WP_410401005.1	100.0
WP_139618852	WP_255128775.1	91.837
WP_250115250	WP_272881226.1	96.97
WP_322973493	WP_409997804.1	99.797
WP_097336068	WP_421666502.1	93.939
WP_147362800	WP_416388739.1	95.455
WP_149781699	WP_417064782.1	99.739
WP_284241428	WP_124065253.1	94.805
WP_142794085	WP_410401005.1	100.0
WP_216348389	WP_410401005.1	100.0
WP_187576388	WP_124065253.1	100.0
WP_322396468	WP_260479442.1	90.323
WP_102681520	WP_367239353.1	86.207
WP_161649391	WP_417064782.1	99.739
WP_407245418	WP_417064782.1	99.67
WP_241528639	WP_228712067.1	86.486
WP_323807818	WP_417064782.1	87.701
WP_332679047	WP_124065257.1	100.0
WP_301688583	WP_260479442.1	100.0
WP_131341027	WP_152692415.1	95.748
WP_284923873	WP_409240751.1	95.122
WP_185723220	WP_409997804.1	99.695
WP_226196623	WP_409997804.1	99.797
WP_394606457	WP_228712067.1	86.486
WP_080459486	WP_225370225.1	98.507
WP_409226388	WP_409997804.1	99.797
WP_340125808	WP_417064782.1	100.0
WP_225379887	WP_410401005.1	100.0
WP_248841087	WP_272881226.1	96.774
WP_133318502	WP_417064782.1	100.0
WP_262256915	WP_410401005.1	100.0
WP_169057873	WP_152692415.1	95.205
WP_225392418	WP_152692415.1	90.625
WP_394605972	WP_228710993.1	95.652
WP_226339348	WP_323808049.1	97.222
WP_102059840	WP_228712067.1	86.486
WP_394500600	WP_228710993.1	95.105
WP_236923979	WP_165768430.1	98.701
WP_174491340	WP_410401005.1	100.0
WP_149781865	WP_228710993.1	95.105
WP_392487071	WP_409997804.1	86.294
WP_109232707	WP_247095357.1	99.882
WP_228296296	WP_366919652.1	97.297
WP_015310566	WP_124752490.1	93.75
WP_241223931	WP_409997804.1	99.838
WP_247099811	WP_323808049.1	97.222
WP_302147252	WP_432281161.1	94.737
WP_259272383	WP_228710993.1	94.406
WP_228709038	WP_069985718.1	85.654
WP_284318428	WP_425323302.1	89.362
WP_176142865	WP_409997804.1	99.695
WP_249533828	WP_272881226.1	96.774
WP_333771957	WP_417064782.1	100.0
WP_337478208	WP_155813798.1	90.984
WP_170973680	WP_410401005.1	100.0
WP_065773256	WP_260479442.1	90.323
WP_394474310	WP_260479442.1	87.5
WP_407251256	WP_409240751.1	97.561
WP_313652124	WP_152692415.1	95.394
WP_045361418	WP_323808049.1	97.222
WP_241223930	WP_410401005.1	100.0
WP_368459775	WP_410401005.1	100.0
WP_407245418	WP_409240751.1	97.561
WP_249896604	WP_409997804.1	88.889
WP_227515271	WP_323808049.1	97.222
WP_229233425	WP_040366718.1	100.0
WP_238971868	WP_323808049.1	97.222
WP_032453752	WP_366919652.1	94.595
WP_253990845	WP_323808049.1	97.222
WP_342672723	WP_223246854.1	99.408
WP_223270485	WP_281193273.1	100.0
WP_325798121	WP_366919652.1	94.595
WP_337670338	WP_155813798.1	89.535
WP_139618852	WP_249533827.1	93.878
WP_253990845	WP_260479442.1	90.323
WP_185191086	WP_152692415.1	89.503
WP_245394175	WP_249533827.1	95.918
WP_256769287	WP_260479442.1	90.323
WP_408750209	WP_156940919.1	86.667
WP_048971301	WP_366919652.1	91.892
WP_201479184	WP_152692415.1	90.08
WP_277839544	WP_228477217.1	99.67
WP_238969792	WP_323808049.1	97.222
WP_317305022	WP_421666502.1	93.939
WP_289250889	WP_152692415.1	88.069
WP_279458711	WP_228036025.1	86.486
WP_318041159	WP_409240751.1	97.561
WP_080028409	WP_152692415.1	90.168
WP_265496313	WP_434335677.1	97.403
WP_273681675	WP_367239353.1	86.207
WP_139386225	WP_349472011.1	85.455
WP_369024705	WP_019269578.1	94.643
WP_048971301	WP_421666502.1	90.909
WP_201752314	WP_409997804.1	99.861
WP_248902140	WP_409997804.1	99.797
WP_108433334	WP_421666502.1	90.909
WP_333720143	WP_040366718.1	96.552
WP_200524206	WP_410401005.1	100.0
WP_186962252	WP_228710993.1	95.105
WP_256769287	WP_228710993.1	95.105
WP_252384634	WP_410401005.1	100.0
WP_271096029	WP_410401005.1	100.0
WP_353580837	WP_124065253.1	100.0
WP_163340048	WP_156940919.1	86.667
WP_277449982	WP_260479442.1	90.323
WP_185723220	WP_410401005.1	100.0
WP_394512655	WP_260479442.1	87.5
WP_259274880	WP_260479442.1	90.323
WP_369024705	WP_243728866.1	98.485
WP_228710995	WP_228712788.1	98.462
WP_310573195	WP_373879108.1	96.552
WP_369441357	WP_272881226.1	87.097
WP_266099088	WP_228712067.1	86.486
WP_053901448	WP_272881226.1	96.774
WP_200535721	WP_228710993.1	94.406
WP_199901126	WP_410401005.1	100.0
WP_160520264	WP_409997804.1	97.872
WP_277460970	WP_228712067.1	86.486
WP_062894303	WP_409997804.1	96.575
WP_317699291	WP_016357131.1	99.643
WP_200074259	WP_260479442.1	100.0
WP_107320995	WP_260479442.1	90.323
WP_353580838	WP_332606491.1	99.2
WP_260831789	WP_152692415.1	94.597
WP_323667671	WP_421666502.1	90.909
WP_407245418	WP_260479442.1	97.059
WP_108367858	WP_366919652.1	94.595
WP_202688260	WP_260479442.1	100.0
WP_305222780	WP_260479442.1	97.059
WP_312245145	WP_228023579.1	86.047
WP_279620791	WP_172952845.1	99.487
WP_258962584	WP_233433202.1	99.457
WP_267452667	WP_228712067.1	100.0
WP_172907112	WP_410401005.1	100.0
WP_337092676	WP_228710993.1	95.105
WP_065791085	WP_228710993.1	95.105
WP_241500613	WP_260479442.1	87.5
WP_198070814	WP_228710993.1	95.105
WP_069067313	WP_425323302.1	89.362
WP_271237039	WP_230577283.1	97.403
WP_119218706	WP_119212774.1	100.0
WP_250376678	WP_409997804.1	99.738
WP_088137235	WP_421666502.1	93.939
WP_358056290	WP_109906085.1	85.745
WP_219720750	WP_260479442.1	90.323
WP_142908723	WP_409997804.1	100.0
WP_281082104	WP_124065253.1	98.701
WP_236923979	WP_124065253.1	94.805
WP_199212461	WP_409997804.1	99.797
WP_080459486	WP_225370226.1	100.0
WP_228477420	WP_239022530.1	98.529
WP_199954866	WP_409240751.1	90.244
WP_353395123	WP_272881226.1	93.548
WP_154911401	WP_323808049.1	97.222
WP_011533953	WP_367239353.1	85.057
WP_199353508	WP_409997804.1	99.797
WP_284241428	WP_124065257.1	92.453
WP_289693745	WP_409997804.1	100.0
WP_407245475	WP_332606491.1	99.2
WP_172906558	WP_409997804.1	99.391
WP_096836561	WP_425323302.1	89.362
WP_264979092	WP_260479442.1	87.5
WP_097478955	WP_255128775.1	85.714
WP_102059840	WP_228710993.1	95.105
WP_256769287	WP_228712067.1	86.486
WP_130166568	WP_285220741.1	100.0
WP_289180276	WP_366919652.1	94.595
WP_314695798	WP_004384057.1	97.541
WP_249534032	WP_410401005.1	100.0
WP_242781012	WP_417064782.1	99.217
WP_179287482	WP_152692415.1	88.507
WP_394606532	WP_228710993.1	95.105
WP_270305428	WP_069985718.1	93.827
WP_329601897	WP_373879108.1	98.113
WP_104015023	WP_228023579.1	88.889
WP_033561391	WP_421666502.1	93.939
WP_337452952	WP_409997804.1	99.797
WP_267498443	WP_323808049.1	97.222
WP_220412825	WP_421666502.1	93.939
WP_380189034	WP_332606491.1	99.2
WP_261307172	WP_410401005.1	100.0
WP_252498763	WP_249533827.1	100.0
WP_236923979	WP_332606491.1	95.2
WP_045596597	WP_230577283.1	88.732
WP_311819670	WP_040366718.1	100.0
WP_320431381	WP_417064782.1	99.739
WP_252081503	WP_272881226.1	96.774
WP_368762290	WP_228712067.1	86.486
WP_232627577	WP_332606491.1	99.2
WP_247099811	WP_228712067.1	86.486
WP_313071547	WP_272881226.1	93.548
WP_275375985	WP_152692415.1	94.951
WP_251849809	WP_249533827.1	87.097
WP_400452636	WP_409997804.1	85.093
WP_322973493	WP_410401005.1	99.174
WP_097506137	WP_272881226.1	96.774
WP_228710589	WP_228710993.1	95.105
WP_316894616	WP_285230769.1	87.554
WP_256924886	WP_040366718.1	100.0
WP_338215707	WP_152692415.1	90.15
WP_001144733	WP_410401005.1	100.0
WP_176557940	WP_409997804.1	99.845
WP_408882491	WP_323808049.1	97.222
WP_187512259	WP_312216037.1	86.782
WP_250394540	WP_421666502.1	93.939
WP_284923873	WP_124065257.1	94.34
WP_276398740	WP_272881226.1	96.774
WP_170930870	WP_409997804.1	99.797
WP_331395166	WP_247095357.1	94.83
WP_394514725	WP_260479442.1	87.5
WP_044061684	WP_410401005.1	100.0
WP_258962584	WP_255128775.1	95.109
WP_259637667	WP_409997804.1	99.695
WP_021520969	WP_366919652.1	94.595
WP_369443301	WP_272881226.1	90.323
WP_349446298	WP_272881226.1	90.323
WP_200535160	WP_323808049.1	85.714
WP_317699130	WP_252856510.1	98.876
WP_227170876	WP_366919652.1	94.595
WP_224230658	WP_069985718.1	89.1
WP_097296176	WP_152692415.1	90.168
WP_318613194	WP_323808049.1	97.222
WP_214051588	WP_272881226.1	90.323
WP_252514363	WP_409997804.1	100.0
WP_254681156	WP_162624697.1	100.0
WP_250386249	WP_409997804.1	99.754
WP_208487661	WP_410401005.1	100.0
WP_102090000	WP_228710993.1	95.105
WP_394606130	WP_323808049.1	97.222
WP_230334552	WP_434999535.1	98.182
WP_332679052	WP_228712067.1	90.323
WP_039275711	WP_230577283.1	88.732
WP_003773355	WP_261369487.1	99.408
WP_237990502	WP_410401005.1	100.0
WP_087134047	WP_228023579.1	90.625
WP_161647796	WP_332606491.1	99.2
WP_240022251	WP_434999535.1	99.398
WP_227523594	WP_421666502.1	96.97
WP_109745864	WP_366919652.1	94.595
WP_264968274	WP_421666502.1	96.97
WP_042856981	WP_409997804.1	100.0
WP_233129549	WP_409997804.1	99.797
WP_278319728	WP_373879108.1	96.552
WP_107320995	WP_323808049.1	97.222
WP_234695956	WP_421666502.1	93.939
WP_032440245	WP_260479442.1	90.323
WP_353580838	WP_409240751.1	97.561
WP_394515887	WP_228712788.1	97.778
WP_176557544	WP_410401005.1	100.0
WP_242781012	WP_409240751.1	95.122
WP_394606285	WP_228712067.1	86.486
WP_240787279	WP_226961205.1	91.209
WP_145517111	WP_172076298.1	92.029
WP_241528274	WP_260479442.1	87.5
WP_252093937	WP_152692415.1	91.016
WP_194840983	WP_409997804.1	99.695
WP_232627578	WP_409240751.1	97.561
WP_046784161	WP_434335677.1	98.433
WP_203259513	WP_260479442.1	90.323
WP_349434238	WP_366919652.1	94.595
WP_241374247	WP_417064782.1	100.0
WP_240995859	WP_043514340.1	88.71
WP_228709038	WP_409997804.1	99.371
WP_124040463	WP_124065253.1	100.0
WP_161636153	WP_260479442.1	90.323
WP_237997724	WP_425323302.1	89.362
WP_153065552	WP_160318667.1	94.937
WP_260513812	WP_366919652.1	94.595
WP_064114836	WP_260479442.1	90.323
WP_320769106	WP_278849153.1	100.0
WP_130986883	WP_366919652.1	94.595
WP_316502083	WP_366919652.1	94.595
WP_185775539	WP_260479442.1	100.0
WP_238969398	WP_332606491.1	99.2
WP_228475701	WP_226961205.1	100.0
WP_200781392	WP_323808049.1	97.222
WP_238969792	WP_260479442.1	87.5
WP_318390549	WP_272881226.1	90.323
WP_130999679	WP_272881226.1	93.548
WP_014917208	WP_226961205.1	100.0
WP_238709111	WP_226961205.1	88.406
WP_104460386	WP_417064782.1	91.525
WP_001723031	WP_410401005.1	100.0
WP_213542299	WP_323808049.1	97.222
WP_064174929	WP_417064782.1	100.0
WP_265011770	WP_272881226.1	96.774
WP_049127682	WP_069985718.1	93.827
WP_238641094	WP_069985718.1	99.625
WP_373859701	WP_228710993.1	92.754
WP_176240820	WP_409997804.1	99.188
WP_408777623	WP_156940919.1	86.667
WP_218565843	WP_069985718.1	93.59
WP_322396468	WP_228710993.1	95.105
WP_064114836	WP_228710993.1	95.105
WP_172949737	WP_409997804.1	99.797
WP_228477420	WP_274758025.1	100.0
WP_277465709	WP_228712067.1	86.486
WP_311237969	WP_272881226.1	96.774
WP_353891324	WP_373879108.1	96.552
WP_224250614	WP_421666502.1	93.939
WP_244429478	WP_233433202.1	93.878
WP_290026192	WP_156940919.1	86.667
WP_371330349	WP_272881226.1	96.774
WP_346980229	WP_432281161.1	99.587
WP_152837078	WP_152692415.1	89.991
WP_396085763	WP_410401005.1	100.0
WP_157921284	WP_152692415.1	88.235
WP_242647603	WP_410401005.1	100.0
WP_343075868	WP_417064782.1	100.0
WP_311040696	WP_410401005.1	100.0
WP_004240318	WP_260479442.1	90.625
WP_228723001	WP_228712067.1	90.323
WP_394606437	WP_260479442.1	87.5
WP_227538379	WP_323808049.1	97.222
WP_255343086	WP_302351208.1	89.047
WP_260838479	WP_409997804.1	97.059
WP_185775539	WP_417064782.1	99.739
WP_248076626	WP_366919652.1	91.892
WP_338242736	WP_152692415.1	95.0
WP_250668010	WP_409997804.1	99.145
WP_269317264	WP_409240751.1	97.561
WP_232627578	WP_260479442.1	97.059
WP_246863463	WP_409997804.1	99.329
WP_250110846	WP_410401005.1	100.0
WP_256786839	WP_410401005.1	100.0
WP_259272204	WP_249533827.1	93.878
WP_366952702	WP_409997804.1	99.895
WP_089634917	WP_152692415.1	89.991
WP_368241399	WP_040366718.1	96.552
WP_217324719	WP_417064782.1	100.0
WP_284868196	WP_302351208.1	92.51
WP_109615013	WP_366919652.1	94.595
WP_250115252	WP_249533827.1	100.0
WP_142959613	WP_040366718.1	96.552
WP_265503066	WP_041159810.1	96.429
WP_394606690	WP_228712067.1	86.486
WP_130983528	WP_417064782.1	99.217
WP_309367925	WP_409997804.1	100.0
WP_254909217	WP_409997804.1	100.0
WP_226199426	WP_410401005.1	100.0
WP_176556738	WP_409997804.1	99.898
WP_394474310	WP_323808049.1	97.222
WP_097425800	WP_255128775.1	85.714
WP_227013147	WP_228475700.1	99.231
WP_243052653	WP_409997804.1	99.086
WP_016541629	WP_228267262.1	90.722
WP_209392441	WP_409997804.1	99.188
WP_227515271	WP_228710993.1	95.105
WP_161636153	WP_228712067.1	86.486
WP_147718904	WP_272881226.1	96.774
WP_253990845	WP_228710993.1	95.105
WP_108476386	WP_425323302.1	87.234
WP_226474262	WP_373879108.1	96.552
WP_185775539	WP_124065253.1	98.701
WP_103468415	WP_272881226.1	96.774
WP_340533440	WP_349472011.1	87.273
WP_277836438	WP_226961205.1	100.0
WP_244587651	WP_152692415.1	95.07
WP_253891988	WP_124065253.1	100.0
WP_194038081	WP_272881226.1	93.548
WP_241359880	WP_228712067.1	86.486
WP_228477420	WP_228477217.1	99.67
WP_032440245	WP_323808049.1	97.222
WP_305222780	WP_417064782.1	99.739
WP_277887387	WP_409997804.1	99.882
WP_326924969	WP_366919652.1	94.595
WP_001278661	WP_272881226.1	96.774
WP_267498443	WP_260479442.1	87.5
WP_240733372	WP_366919652.1	94.595
WP_142447028	WP_421666502.1	93.939
WP_322398373	WP_040366718.1	96.552
WP_231841201	WP_410401005.1	100.0
WP_143297694	WP_269490028.1	94.03
WP_110215114	WP_272881226.1	93.548
WP_060529667	WP_285230769.1	86.058
WP_195817091	WP_425323302.1	87.234
WP_022651754	WP_124065253.1	94.805
WP_055215827	WP_119212774.1	86.486
WP_210579360	WP_124065253.1	100.0
WP_064765931	WP_069985718.1	87.162
WP_394606167	WP_260479442.1	87.5
WP_097416313	WP_255128775.1	85.714
WP_407259628	WP_421666502.1	90.909
WP_203259513	WP_323808049.1	97.222
WP_329860403	WP_349472011.1	88.776
WP_394606437	WP_323808049.1	97.222
WP_172948505	WP_410401005.1	100.0
WP_181241439	WP_260479442.1	90.323
WP_317699130	WP_261369487.1	98.98
WP_044308066	WP_367239353.1	85.057
WP_284958612	WP_366919652.1	91.892
WP_133318502	WP_409240751.1	97.561
WP_254914746	WP_228712067.1	86.486
WP_253891988	WP_260479442.1	100.0
WP_228710025	WP_228712067.1	86.486
WP_277449982	WP_228710993.1	95.105
WP_311040388	WP_152692415.1	90.08
WP_311847658	WP_040366718.1	100.0
WP_261310674	WP_249533827.1	100.0
WP_108476386	WP_152692415.1	90.877
WP_102084251	WP_260479442.1	90.323
WP_238960058	WP_260479442.1	87.5
WP_309393036	WP_409997804.1	99.872
WP_336879701	WP_272881226.1	87.879
WP_336846396	WP_152692415.1	96.661
WP_065810061	WP_124065253.1	100.0
WP_284958612	WP_421666502.1	90.909
WP_333771957	WP_409240751.1	97.561
WP_283719093	WP_228712067.1	86.486
WP_065801005	WP_124065253.1	100.0
WP_181241439	WP_228710993.1	95.105
WP_225389120	WP_332606491.1	95.2
WP_394512655	WP_323808049.1	97.222
WP_366984376	WP_410401005.1	100.0
WP_117251240	WP_260479442.1	100.0
WP_022651754	WP_332606491.1	95.2
WP_085455720	WP_272881226.1	96.774
WP_261161298	WP_366919652.1	94.595
WP_349511316	WP_409997804.1	99.797
WP_227013147	WP_239022530.1	98.529
WP_032434699	WP_332606491.1	99.2
WP_180963368	WP_271342744.1	96.97
WP_337037195	WP_312216037.1	86.782
WP_116422297	WP_272881226.1	87.097
WP_192480796	WP_272881226.1	93.548
WP_367169289	WP_152692415.1	90.08
WP_336886884	WP_409997804.1	100.0
WP_239691429	WP_260479442.1	87.5
WP_003773355	WP_223246854.1	99.408
WP_247152053	WP_409997804.1	99.398
WP_394606872	WP_323808049.1	97.222
WP_144860420	WP_228023579.1	90.625
WP_231539654	WP_260479442.1	90.323
WP_318613194	WP_260479442.1	87.5
WP_057191852	WP_228710993.1	95.105
WP_226196623	WP_410401005.1	100.0
WP_409226388	WP_410401005.1	100.0
WP_227627404	WP_332606491.1	99.2
WP_277973528	WP_150015925.1	86.765
WP_263131913	WP_272881226.1	96.774
WP_241374247	WP_124065253.1	100.0
WP_395039532	WP_228712067.1	100.0
WP_394612505	WP_228712067.1	86.486
WP_241526466	WP_323808049.1	97.222
WP_284556596	WP_233433202.1	93.878
WP_065810061	WP_260479442.1	100.0
WP_346981556	WP_432281161.1	100.0
WP_274122697	WP_069985718.1	99.307
WP_014636229	WP_226961205.1	91.209
WP_262187849	WP_124065253.1	94.805
WP_308317567	WP_323808049.1	86.111
WP_117109324	WP_332606491.1	98.4
WP_224153804	WP_409997804.1	100.0
WP_205258594	WP_409997804.1	99.797
WP_238969791	WP_228710993.1	95.105
WP_130983528	WP_260479442.1	96.97
WP_228723001	WP_366919652.1	86.364
WP_139498591	WP_409997804.1	100.0
WP_252368114	WP_410401005.1	100.0
WP_216348523	WP_409997804.1	99.797
WP_201356797	WP_409997804.1	99.797
WP_394606606	WP_323808049.1	97.222
WP_185191085	WP_425323302.1	89.362
WP_261388718	WP_272881226.1	93.939
WP_241098507	WP_258662729.1	93.814
WP_394504887	WP_260479442.1	87.5
WP_394606767	WP_228712067.1	86.486
WP_394515197	WP_323808049.1	97.222
WP_407251256	WP_323808049.1	87.879
WP_252343538	WP_409997804.1	99.861
WP_044750024	WP_226961205.1	100.0
WP_271087120	WP_409997804.1	100.0
WP_096839114	WP_425323302.1	89.362
WP_165768429	WP_124065253.1	94.805
WP_001542068	WP_409997804.1	99.898
WP_235154195	WP_409997804.1	98.782
WP_247152052	WP_410401005.1	99.048
WP_097512494	WP_425323302.1	89.362
WP_353516489	WP_409997804.1	99.886
WP_343075868	WP_124065253.1	100.0
WP_094365749	WP_373879108.1	96.552
WP_349251982	WP_410401005.1	99.225
WP_142910119	WP_409997804.1	100.0
WP_228709504	WP_260479442.1	97.059
WP_248902140	WP_410401005.1	100.0
WP_272842929	WP_272881226.1	96.774
WP_232627595	WP_332606491.1	99.2
WP_332652737	WP_332606491.1	99.2
WP_235082454	WP_272881226.1	93.333
WP_181048191	WP_409997804.1	99.882
WP_349251642	WP_410401005.1	99.174
WP_392440336	WP_152692415.1	96.296
WP_096996960	WP_249533827.1	100.0
WP_211196987	WP_409997804.1	99.797
WP_225392419	WP_152692415.1	90.43
WP_013852862	WP_281193273.1	100.0
WP_001357426	WP_421666502.1	93.939
WP_182777853	WP_285220741.1	85.475
WP_165768429	WP_332606491.1	95.2
WP_394482520	WP_323808049.1	97.222
WP_228262765	WP_260479442.1	90.323
WP_181482045	WP_272881226.1	96.774
WP_228477421	WP_226961205.1	100.0
WP_046952374	WP_409997804.1	99.797
WP_206356488	WP_410401005.1	100.0
WP_279867939	WP_272881226.1	93.548
WP_262033023	WP_272881226.1	96.774
WP_263895512	WP_255128775.1	85.714
WP_254913189	WP_228712067.1	86.486
WP_255343086	WP_261801536.1	88.889
WP_117109324	WP_417064782.1	100.0
WP_102084251	WP_323808049.1	97.222
WP_250855107	WP_409997804.1	98.013
WP_222689632	WP_410401005.1	93.802
WP_124741036	WP_425323302.1	89.362
WP_064174929	WP_332606491.1	99.2
WP_305218327	WP_124065253.1	100.0
WP_036428024	WP_243728866.1	98.485
WP_394606790	WP_228710993.1	95.105
WP_258041197	WP_285230769.1	88.412
WP_022651754	WP_124065257.1	92.453
WP_133318502	WP_332606491.1	99.2
WP_137349397	WP_323808049.1	85.714
WP_336846345	WP_152692415.1	94.595
WP_240995859	WP_258662729.1	93.264
WP_101827569	WP_421666502.1	96.97
WP_114507568	WP_417064782.1	99.739
WP_049040710	WP_421666502.1	93.939
WP_241528639	WP_323808049.1	97.222
WP_170915282	WP_409997804.1	85.685
WP_318428132	WP_421666502.1	93.939
WP_175418760	WP_152692415.1	90.168
WP_352516386	WP_260479442.1	90.323
WP_236579322	WP_226961205.1	100.0
WP_137540006	WP_233433202.1	93.878
WP_199212461	WP_410401005.1	100.0
WP_001727761	WP_421666502.1	93.939
WP_265503066	WP_434335677.1	97.911
WP_164840364	WP_124065253.1	100.0
WP_241098507	WP_043514340.1	89.157
WP_252385678	WP_409997804.1	99.898
WP_172948505	WP_409997804.1	99.086
WP_394474918	WP_323808049.1	97.222
WP_233983835	WP_409997804.1	99.889
WP_239022529	WP_226961205.1	100.0
WP_256947176	WP_323808049.1	97.222
WP_055215827	WP_416388739.1	95.455
WP_019968930	WP_004384057.1	97.541
WP_024379047	WP_226961205.1	100.0
WP_180397331	WP_255128775.1	85.714
WP_407218355	WP_233433202.1	93.878
WP_096660655	WP_417064782.1	100.0
WP_404999138	WP_409997804.1	99.898
WP_338106985	WP_409240751.1	85.0
WP_232627596	WP_409240751.1	97.561
WP_274294687	WP_367239353.1	89.655
WP_032241071	WP_272881226.1	96.774
WP_236923979	WP_409240751.1	95.122
WP_373857347	WP_247095357.1	95.166
WP_233324485	WP_409997804.1	99.797
WP_239692970	WP_228712067.1	86.486
WP_227910269	WP_410401005.1	100.0
WP_139531028	WP_228710993.1	94.406
WP_276357374	WP_410401005.1	99.587
WP_312701131	WP_410401005.1	100.0
WP_225395865	WP_366919652.1	94.595
WP_048321804	WP_272881226.1	87.097
WP_194515935	WP_409240751.1	90.244
WP_312152684	WP_272881226.1	93.548
WP_247168704	WP_410401005.1	100.0
WP_049010654	WP_069985718.1	89.005
WP_240741474	WP_323808049.1	97.222
WP_225036193	WP_367239353.1	86.207
WP_396085763	WP_409997804.1	98.985
WP_236550136	WP_040366718.1	100.0
WP_186962252	WP_228712067.1	86.486
WP_228972247	WP_272881226.1	93.548
WP_249534032	WP_409997804.1	99.659
WP_032434699	WP_417064782.1	100.0
WP_320769106	WP_075555432.1	100.0
WP_289068563	WP_432281161.1	93.117
WP_373859702	WP_228712067.1	86.486
WP_240514937	WP_260479442.1	87.5
WP_227900960	WP_421666502.1	93.939
WP_192841203	WP_410401005.1	99.587
WP_394606567	WP_260479442.1	90.323
WP_141117533	WP_069985718.1	91.667
WP_256137181	WP_409997804.1	98.144
WP_261289657	WP_272881226.1	96.774
WP_332606493	WP_409240751.1	97.561
WP_407251256	WP_228712067.1	90.323
WP_326286388	WP_366919652.1	94.595
WP_404855858	WP_332606491.1	96.8
WP_100279070	WP_323808049.1	97.222
WP_408882440	WP_228710993.1	95.105
WP_242449220	WP_421666502.1	96.97
WP_394479982	WP_228710993.1	95.105
WP_346720336	WP_410401005.1	100.0
WP_284317496	WP_124065257.1	94.643
WP_170930870	WP_410401005.1	100.0
WP_264979092	WP_228712067.1	86.486
WP_258041197	WP_238580651.1	87.162
WP_341536464	WP_228036025.1	92.593
WP_170982610	WP_409997804.1	99.797
WP_318428132	WP_247095357.1	85.437
WP_124062342	WP_228712067.1	86.486
WP_394606567	WP_228710993.1	95.105
WP_261440461	WP_323808049.1	86.111
WP_062913612	WP_069985718.1	98.405
WP_126287453	WP_271342744.1	96.97
WP_251361768	WP_410401005.1	100.0
WP_368092249	WP_432281161.1	99.587
WP_243810409	WP_272881226.1	96.774
WP_097336068	WP_366919652.1	94.595
WP_232627596	WP_260479442.1	97.059
WP_182250397	WP_069985718.1	99.906
WP_233129549	WP_410401005.1	100.0
WP_340125809	WP_332606491.1	99.2
WP_117094331	WP_124065253.1	100.0
WP_274802806	WP_409997804.1	99.893
WP_284241428	WP_165768430.1	100.0
WP_276376830	WP_410401005.1	100.0
WP_338212171	WP_425323302.1	95.0
WP_064174929	WP_409240751.1	97.561
WP_317699064	WP_281193273.1	100.0
WP_332105944	WP_228023579.1	90.625
WP_060619499	WP_366919652.1	94.595
WP_097426660	WP_425323302.1	89.362
WP_116156163	WP_272881226.1	87.097
WP_180397331	WP_233433202.1	93.878
WP_154911401	WP_260479442.1	90.323
WP_211775806	WP_272881226.1	93.548
WP_284318428	WP_152692415.1	89.991
WP_122422091	WP_367239353.1	86.207
WP_259359064	WP_332606491.1	99.2
WP_257965454	WP_323808049.1	97.222
WP_039468618	WP_421666502.1	90.909
WP_047721954	WP_069985718.1	93.827
WP_259380558	WP_366919652.1	86.486
WP_207767774	WP_069985718.1	93.827
WP_238526511	WP_226961205.1	91.209
WP_238971859	WP_228710993.1	95.105
WP_220469962	WP_069985718.1	93.827
WP_254468867	WP_367239353.1	87.356
WP_237997724	WP_152692415.1	90.08
WP_394514725	WP_228712067.1	86.486
WP_352516386	WP_323808049.1	97.222
WP_279620791	WP_367294503.1	99.128
WP_173818491	WP_069985718.1	91.28
WP_279620791	WP_120761052.1	96.104
WP_311752782	WP_272881226.1	90.323
WP_266237378	WP_417064782.1	99.217
WP_117094331	WP_260479442.1	100.0
WP_059348120	WP_409240751.1	90.244
WP_284554624	WP_233433202.1	93.878
WP_366961749	WP_228712067.1	86.486
WP_325094070	WP_227554590.1	96.939
WP_198834641	WP_345788826.1	85.0
WP_228710589	WP_228712067.1	86.486
WP_117143544	WP_421666502.1	96.97
WP_237113178	WP_367239353.1	85.057
WP_213855181	WP_409997804.1	99.797
WP_322635331	WP_160318667.1	94.937
WP_338190322	WP_262274643.1	99.479
WP_045330532	WP_069985718.1	93.827
WP_252703959	WP_040366718.1	100.0
WP_241091193	WP_238580651.1	87.454
WP_186962252	WP_323808049.1	97.222
WP_256769287	WP_323808049.1	97.222
WP_118283223	WP_272881226.1	93.548
WP_237158989	WP_409997804.1	100.0
WP_114138884	WP_249533827.1	88.0
WP_267442623	WP_228710993.1	94.406
WP_301688583	WP_417064782.1	100.0
WP_228710024	WP_228710993.1	95.105
WP_371861458	WP_373879108.1	98.182
WP_117109324	WP_124065253.1	100.0
WP_264968274	WP_366919652.1	97.297
WP_117034245	WP_260479442.1	94.118
WP_049007987	WP_152692415.1	99.911
WP_105148079	WP_226961205.1	97.802
WP_016663677	WP_228023579.1	90.625
WP_172949737	WP_410401005.1	100.0
WP_256137181	WP_410401005.1	100.0
WP_172452267	WP_410401005.1	100.0
WP_320886302	WP_366919652.1	94.595
WP_257725782	WP_228023579.1	88.889
WP_394606622	WP_323808049.1	97.222
WP_248947365	WP_409997804.1	99.695
WP_217324719	WP_409240751.1	97.561
WP_284718148	WP_409997804.1	100.0
WP_394482520	WP_260479442.1	87.5
WP_284923873	WP_124065253.1	94.805
WP_246863463	WP_069985718.1	86.726
WP_318042167	WP_409240751.1	97.561
WP_407233328	WP_272881226.1	96.774
WP_394515887	WP_228712067.1	100.0
WP_265504468	WP_334199238.1	96.364
WP_240534263	WP_409997804.1	99.898
WP_100970212	WP_373879108.1	96.552
WP_038480291	WP_272881226.1	87.097
WP_257645347	WP_249533827.1	93.0
WP_176557374	WP_409997804.1	99.863
WP_230490741	WP_366919652.1	94.595
WP_136655222	WP_332606491.1	99.2
WP_252498439	WP_152692415.1	95.189
WP_261167511	WP_233433202.1	89.796
WP_337086725	WP_260479442.1	90.323
WP_368762290	WP_323808049.1	97.222
WP_202688260	WP_124065253.1	100.0
WP_167803806	WP_425323302.1	95.238
WP_224266239	WP_409240751.1	87.805
WP_264979092	WP_323808049.1	97.222
WP_264754174	WP_228712067.1	86.486
WP_394606299	WP_260479442.1	87.5
WP_257965607	WP_260479442.1	87.5
WP_408065193	WP_421666502.1	93.939
WP_346802862	WP_409240751.1	96.97
WP_023148495	WP_410401005.1	100.0
WP_375215126	WP_421666502.1	93.939
WP_371913286	WP_069985718.1	99.812
WP_281082104	WP_417064782.1	100.0
WP_251361772	WP_409997804.1	99.831
WP_096220184	WP_367239353.1	86.207
WP_140044722	WP_255128775.1	85.714
WP_082439268	WP_228023579.1	87.5
WP_256786839	WP_409997804.1	99.695
WP_228709504	WP_417064782.1	100.0
WP_409246987	WP_272881226.1	87.879
WP_314695798	WP_155813798.1	97.541
WP_025481872	WP_040366718.1	98.649
WP_020078153	WP_228710993.1	95.105
WP_188117119	WP_124065253.1	100.0
WP_270216850	WP_040366718.1	100.0
WP_193547010	WP_152692415.1	94.98
WP_266098070	WP_323808049.1	97.222
WP_049012131	WP_069985718.1	93.827
WP_117034245	WP_417064782.1	99.217
WP_266237378	WP_409240751.1	95.122
WP_131186985	WP_425323302.1	89.362
WP_408841393	WP_228023579.1	100.0
WP_332679050	WP_124065253.1	100.0
WP_394474918	WP_260479442.1	87.5
WP_282468674	WP_409240751.1	85.0
WP_013852862	WP_223246854.1	99.408
WP_225392419	WP_425323302.1	89.362
WP_241526466	WP_260479442.1	87.5
WP_240016793	WP_434999535.1	98.788
WP_032434699	WP_124065253.1	100.0
WP_249939233	WP_409997804.1	99.797
WP_032418459	WP_323808049.1	97.222
WP_118141597	WP_182430006.1	94.382
WP_409447007	WP_410401005.1	100.0
WP_305205294	WP_069985718.1	100.0
WP_032418459	WP_260479442.1	90.323
WP_277839544	WP_274758025.1	100.0
WP_186723265	WP_367239353.1	88.506
WP_250115252	WP_255128775.1	85.714
WP_346802862	WP_124065257.1	94.34
WP_277887711	WP_425323302.1	89.362
WP_200781392	WP_260479442.1	90.323
WP_394514725	WP_323808049.1	97.222
WP_117251240	WP_409240751.1	97.561
WP_111778802	WP_272881226.1	87.097
WP_240994997	WP_285230769.1	88.942
WP_225389120	WP_417064782.1	98.956
WP_368294281	WP_373879108.1	96.552
WP_322396468	WP_228712067.1	86.486
WP_240741474	WP_260479442.1	87.5
WP_185846944	WP_421666502.1	93.939
WP_366213140	WP_228023579.1	87.179
WP_124741036	WP_152692415.1	90.168
WP_226339348	WP_260479442.1	90.323
WP_176686621	WP_409997804.1	99.695
WP_174217756	WP_410401005.1	100.0
WP_080459486	WP_225370229.1	99.237
WP_380189034	WP_409240751.1	97.561
WP_182099920	WP_366919652.1	89.189
WP_032434699	WP_260479442.1	100.0
WP_117085420	WP_228710993.1	95.105
WP_171991444	WP_410401005.1	99.587
WP_259745496	WP_367239353.1	85.714
WP_369009270	WP_409997804.1	99.897
WP_316894616	WP_241194367.1	90.85
WP_149781699	WP_124065253.1	100.0
WP_239692970	WP_260479442.1	87.5
WP_265105132	WP_228712067.1	86.486
WP_043035106	WP_226961205.1	100.0
WP_040214404	WP_417064782.1	96.124
WP_117269405	WP_228710993.1	95.105
WP_259272204	WP_233433202.1	100.0
WP_290802344	WP_228023579.1	87.5
WP_161649391	WP_124065253.1	100.0
WP_193528554	WP_409240751.1	90.244
WP_045361418	WP_260479442.1	90.323
WP_033561391	WP_366919652.1	94.595
WP_173888023	WP_367239353.1	89.655
WP_394606206	WP_323808049.1	97.222
WP_171003983	WP_409997804.1	99.797
WP_065773256	WP_228712067.1	86.486
WP_349511316	WP_410401005.1	100.0
WP_203032329	WP_124065253.1	93.506
WP_046784161	WP_045081927.1	94.643
WP_286595674	WP_260479442.1	87.5
WP_196613834	WP_272881226.1	96.774
WP_264974851	WP_043514340.1	99.194
WP_019186866	WP_155813798.1	95.161
WP_110198792	WP_069985718.1	98.065
WP_249942392	WP_410401005.1	100.0
WP_264754174	WP_323808049.1	97.222
WP_140044722	WP_233433202.1	93.878
WP_258079020	WP_040366718.1	100.0
WP_117034245	WP_409240751.1	95.122
WP_139774369	WP_409997804.1	100.0
WP_011387484	WP_434335677.1	98.433
WP_228136782	WP_069985718.1	88.551
WP_215190831	WP_409997804.1	100.0
WP_289180276	WP_421666502.1	93.939
WP_332606490	WP_124065253.1	100.0
WP_245394175	WP_255128775.1	89.796
WP_367993333	WP_366919652.1	94.595
WP_227515271	WP_228712067.1	86.486
WP_016190721	WP_409240751.1	90.244
WP_045361418	WP_228710993.1	95.105
WP_252354387	WP_409997804.1	99.769
WP_238971868	WP_228712067.1	86.486
WP_065772151	WP_228710993.1	95.105
WP_253990845	WP_228712067.1	86.486
WP_346436414	WP_312216037.1	96.552
WP_228136781	WP_069985718.1	94.286
WP_251258109	WP_409997804.1	99.859
WP_203032329	WP_165768430.1	98.701
WP_394606121	WP_323808049.1	97.222
WP_324248966	WP_432281161.1	100.0
WP_253904954	WP_228712067.1	86.486
WP_205258594	WP_410401005.1	100.0
WP_284923873	WP_165768430.1	98.701
WP_114507568	WP_409240751.1	97.561
WP_133092126	WP_370530164.1	95.0
WP_208393520	WP_069985718.1	93.827
WP_233480066	WP_409240751.1	90.244
WP_027663104	WP_410401005.1	99.587
WP_266237378	WP_332606491.1	95.2
WP_342365430	WP_409997804.1	100.0
WP_159306231	WP_247095357.1	94.947
WP_216348523	WP_410401005.1	100.0
WP_306175208	WP_226961205.1	91.525
WP_023435521	WP_367239353.1	88.136
WP_245785527	WP_040366718.1	100.0
WP_218969501	WP_069985718.1	93.827
WP_180410669	WP_409997804.1	99.797
WP_301688583	WP_124065253.1	100.0
WP_394606690	WP_323808049.1	97.222
WP_205592688	WP_366919652.1	94.595
WP_088133249	WP_156940919.1	85.714
WP_284556596	WP_249533827.1	100.0
WP_400635042	WP_349472011.1	85.455
WP_228712065	WP_228710993.1	100.0
WP_394489352	WP_260479442.1	87.5
WP_375826544	WP_040366718.1	100.0
WP_310663721	WP_417064782.1	100.0
WP_006662113	WP_366919652.1	91.892
WP_080028409	WP_425323302.1	89.362
WP_001696646	WP_410401005.1	100.0
WP_346802863	WP_417064782.1	98.077
WP_175566493	WP_410401005.1	99.587
WP_161636153	WP_323808049.1	97.222
WP_192481338	WP_152692415.1	88.285
WP_337092676	WP_228712067.1	86.486
WP_277449982	WP_228712067.1	86.486
WP_142794087	WP_409997804.1	100.0
WP_226134090	WP_409997804.1	100.0
WP_322396468	WP_323808049.1	97.222
WP_234695956	WP_366919652.1	94.595
WP_228296296	WP_421666502.1	96.97
WP_141117533	WP_409997804.1	100.0
WP_252368114	WP_069985718.1	87.568
WP_227910269	WP_409997804.1	89.394
WP_241993750	WP_421666502.1	96.97
WP_015683439	WP_421666502.1	93.939
WP_259272204	WP_255128775.1	91.837
WP_227170876	WP_421666502.1	93.939
WP_117109324	WP_409240751.1	97.561
WP_269317264	WP_260479442.1	97.059
WP_052433696	WP_410401005.1	100.0
WP_200919269	WP_409997804.1	99.797
WP_271093393	WP_409997804.1	99.444
WP_087588798	WP_332606491.1	99.2
WP_181241439	WP_228712067.1	86.486
WP_409219144	WP_410401005.1	99.057
WP_394606622	WP_260479442.1	87.5
WP_265504468	WP_409231146.1	98.592
WP_408065193	WP_247095357.1	85.992
WP_109745864	WP_421666502.1	93.939
WP_211196987	WP_410401005.1	100.0
WP_311752783	WP_255128775.1	87.755
WP_213244804	WP_228710993.1	95.105
WP_223246853	WP_016357131.1	100.0
WP_058588665	WP_323808049.1	85.714
WP_274802806	WP_410401005.1	100.0
WP_046952374	WP_410401005.1	100.0
WP_369444810	WP_260479442.1	93.548
WP_163653095	WP_260479442.1	90.625
WP_257371055	WP_349472011.1	87.273
WP_244591734	WP_249533827.1	100.0
WP_003773355	WP_281193273.1	100.0
WP_270462657	WP_432281161.1	98.148
WP_332868278	WP_124065253.1	100.0
WP_227549693	WP_323808049.1	85.714
WP_219720750	WP_228710993.1	94.406
WP_234232004	WP_124752490.1	93.75
WP_053886239	WP_409997804.1	100.0
WP_346802863	WP_260479442.1	95.122
WP_096660655	WP_409240751.1	97.561
WP_254681156	WP_120761052.1	96.104
WP_394489352	WP_323808049.1	97.222
WP_130986883	WP_421666502.1	93.939
WP_316502083	WP_421666502.1	93.939
WP_392360179	WP_249533827.1	95.918
WP_325955705	WP_069985718.1	89.005
WP_242781012	WP_124065253.1	94.805
WP_237228173	WP_409997804.1	87.988
WP_129993656	WP_366919652.1	97.297
WP_032161441	WP_152692415.1	86.626
WP_407251256	WP_366919652.1	86.364
WP_165885141	WP_434335677.1	97.701
WP_241091193	WP_273681674.1	90.385
WP_266098070	WP_260479442.1	87.5
WP_316364038	WP_018713964.1	94.737
WP_346802862	WP_417064782.1	99.41
WP_140427754	WP_272881226.1	96.97
WP_096936100	WP_425323302.1	89.362
WP_179123691	WP_410401005.1	92.562
WP_323053208	WP_410401005.1	87.5
WP_252498439	WP_425323302.1	95.122
WP_065773256	WP_228710993.1	95.105
WP_251950508	WP_373879108.1	96.552
WP_353255082	WP_409240751.1	91.304
WP_346404633	WP_421666502.1	96.97
WP_063131931	WP_410401005.1	100.0
WP_241098507	WP_273681674.1	90.431
WP_368549474	WP_228023579.1	87.5
WP_096996960	WP_233433202.1	93.878
WP_133285953	WP_373879108.1	98.182
WP_133318502	WP_260479442.1	97.059
WP_108433334	WP_366919652.1	91.892
WP_394612505	WP_323808049.1	97.222
WP_238960058	WP_323808049.1	97.222
WP_117112197	WP_272881226.1	96.774
WP_316894616	WP_258662729.1	93.151
WP_238640972	WP_069985718.1	99.812
WP_205604836	WP_425323302.1	85.106
WP_240211071	WP_226961205.1	100.0
WP_104460386	WP_124065253.1	100.0
WP_222926847	WP_228710993.1	95.105
WP_408882491	WP_260479442.1	90.323
WP_268635160	WP_409997804.1	100.0
WP_394605991	WP_323808049.1	97.222
WP_169513222	WP_323808049.1	97.222
WP_227165825	WP_410401005.1	100.0
WP_011387484	WP_019269578.1	96.429
WP_233324485	WP_410401005.1	100.0
WP_176193714	WP_152692415.1	97.656
WP_011387484	WP_243728866.1	96.97
WP_239691429	WP_323808049.1	97.222
WP_176193688	WP_152692415.1	95.628
WP_175616550	WP_409997804.1	99.492
WP_176557940	WP_410401005.1	100.0
WP_172906558	WP_410401005.1	99.587
WP_146412182	WP_272881226.1	96.774
WP_167811033	WP_425323302.1	90.909
WP_181874669	WP_069985718.1	99.719
WP_158119483	WP_152692415.1	94.597
WP_340582659	WP_373879108.1	96.552
WP_259274880	WP_323808049.1	97.222
WP_342456535	WP_409997804.1	99.898
WP_320431381	WP_124065253.1	100.0
WP_394606767	WP_323808049.1	97.222
WP_052039259	WP_373879108.1	96.552
WP_332679052	WP_366919652.1	86.364
WP_265503066	WP_045081927.1	92.857
WP_206356488	WP_409997804.1	99.797
WP_049635412	WP_272881226.1	93.333
WP_407218355	WP_249533827.1	100.0
WP_395039532	WP_228712788.1	96.774
WP_208487661	WP_409997804.1	99.886
WP_203032329	WP_332606491.1	95.2
WP_117251240	WP_124065253.1	100.0
WP_337086725	WP_228710993.1	95.105
WP_097409326	WP_425323302.1	89.362
WP_284923873	WP_332606491.1	95.2
WP_109615013	WP_421666502.1	93.939
WP_161649391	WP_409240751.1	97.561
WP_409396167	WP_272881226.1	96.97
WP_229264966	WP_228712067.1	86.486
WP_140561723	WP_260479442.1	90.323
WP_248784181	WP_410401005.1	100.0
WP_250391431	WP_409997804.1	97.74
WP_011166847	WP_230577283.1	88.732
WP_284328305	WP_152692415.1	87.971
WP_142447028	WP_366919652.1	94.595
WP_368207762	WP_432281161.1	94.737
WP_353395125	WP_233433202.1	93.548
WP_394606790	WP_228712067.1	86.486
WP_249942391	WP_410401005.1	100.0
WP_022651754	WP_165768430.1	100.0
WP_349400918	WP_272881226.1	96.774
WP_026539918	WP_349472012.1	87.5
WP_216388148	WP_228036025.1	88.462
WP_165556506	WP_272881226.1	96.774
WP_117034245	WP_124065257.1	94.34
WP_245394175	WP_233433202.1	97.959
WP_163449955	WP_410401005.1	100.0
WP_335800031	WP_409240751.1	90.244
WP_170982610	WP_410401005.1	100.0
WP_289942673	WP_409997804.1	99.595
WP_396275212	WP_366919652.1	94.595
WP_238967745	WP_228712067.1	86.486
WP_064148934	WP_272881226.1	93.548
WP_250855108	WP_409997804.1	99.115
WP_265504468	WP_409231152.1	98.592
WP_201992565	WP_228023579.1	97.436
WP_346967983	WP_432281161.1	99.587
WP_250668006	WP_409997804.1	100.0
WP_142913199	WP_228710993.1	90.698
WP_107320995	WP_228710993.1	95.105
WP_341783789	WP_373879108.1	96.552
WP_407491123	WP_409997804.1	99.797
WP_284241428	WP_417064782.1	99.217
WP_258219432	WP_421666502.1	93.939
WP_140561723	WP_228710993.1	95.105
WP_239661514	WP_040366718.1	100.0
WP_111946645	WP_110014917.1	93.496
WP_201996942	WP_409240751.1	90.244
WP_256627706	WP_323808049.1	97.222
WP_249541879	WP_152692415.1	95.189
WP_229233552	WP_152692415.1	98.137
WP_242811562	WP_409997804.1	99.755
WP_064114836	WP_228712067.1	86.486
WP_187576451	WP_124065253.1	100.0
WP_172950547	WP_410401005.1	100.0
WP_227900940	WP_247095357.1	86.974
WP_254913189	WP_323808049.1	97.222
WP_310663721	WP_124065253.1	100.0
WP_250668008	WP_409997804.1	99.815
WP_226961148	WP_226961205.1	100.0
WP_279620791	WP_120761053.1	99.281
WP_176556738	WP_410401005.1	99.587
WP_228299879	WP_057190336.1	96.97
WP_243052653	WP_410401005.1	100.0
WP_157922559	WP_152692415.1	89.76
WP_409071510	WP_409997804.1	100.0
WP_311040698	WP_409997804.1	100.0
WP_032418459	WP_228710993.1	95.105
WP_044764344	WP_226961205.1	100.0
WP_227661725	WP_069985718.1	99.812
WP_230242105	WP_272881226.1	87.097
WP_265782799	WP_409240751.1	90.244
WP_250376678	WP_410401005.1	100.0
WP_301688583	WP_409240751.1	97.561
WP_374063457	WP_124065257.1	94.34
WP_394606481	WP_228712067.1	86.486
WP_074412887	WP_226961205.1	100.0
WP_230593178	WP_434335677.1	99.2
WP_149781699	WP_260479442.1	97.059
WP_140005999	WP_272881226.1	96.774
WP_342672723	WP_016357131.1	100.0
WP_253891988	WP_417064782.1	100.0
WP_337483657	WP_155813798.1	90.984
WP_096660655	WP_332606491.1	99.2
WP_075647428	WP_247095357.1	94.947
WP_256947855	WP_228712067.1	86.486
WP_187251289	WP_323808049.1	85.714
WP_284327213	WP_152692415.1	95.139
WP_395039524	WP_228710993.1	95.105
WP_227525956	WP_421666502.1	93.939
WP_262361641	WP_057190336.1	98.485
WP_254681156	WP_162926701.1	100.0
WP_242781012	WP_165768430.1	98.701
WP_013447916	WP_230577283.1	100.0
WP_188117119	WP_332606491.1	99.2
WP_324826158	WP_226961205.1	100.0
WP_223852470	WP_247095357.1	85.614
WP_341783780	WP_373879108.1	98.182
WP_212768005	WP_409997804.1	100.0
WP_124065251	WP_332606491.1	99.2
WP_252093937	WP_425323302.1	89.362
WP_320384837	WP_410401005.1	100.0
WP_213855181	WP_410401005.1	100.0
WP_253248802	WP_228712067.1	86.486
WP_346720336	WP_409997804.1	99.797
WP_338212171	WP_152692415.1	95.172
WP_225595090	WP_040366718.1	96.552
WP_339961113	WP_113774492.1	93.919
WP_244429478	WP_255128775.1	85.714
WP_097512494	WP_152692415.1	89.991
WP_273660020	WP_421666502.1	93.939
WP_337809696	WP_004384057.1	90.984
WP_278019515	WP_040366718.1	96.552
WP_380189034	WP_417064782.1	99.739
WP_233481520	WP_409240751.1	90.244
WP_231527658	WP_410401005.1	100.0
WP_226382740	WP_410401005.1	100.0
WP_254681156	WP_120761053.1	100.0
WP_332679052	WP_417064782.1	100.0
WP_262219578	WP_425323302.1	89.362
WP_019269576	WP_434335677.1	98.276
WP_097478955	WP_249533827.1	100.0
WP_264752710	WP_409997804.1	99.029
WP_100279070	WP_260479442.1	90.323
WP_338216018	WP_152692415.1	86.164
WP_185191085	WP_152692415.1	90.327
WP_284554624	WP_249533827.1	100.0
WP_251361768	WP_409997804.1	99.797
WP_257123132	WP_228023579.1	97.436
WP_065810061	WP_417064782.1	100.0
WP_165768429	WP_165768430.1	100.0
WP_065801005	WP_417064782.1	100.0
WP_337444784	WP_410401005.1	100.0
WP_170988291	WP_409997804.1	99.797
WP_394474310	WP_228712067.1	86.486
WP_267615558	WP_409997804.1	99.898
WP_118370843	WP_182430006.1	98.876
WP_227627403	WP_409240751.1	97.561
WP_175616550	WP_410401005.1	100.0
WP_269317264	WP_417064782.1	99.739
WP_238967745	WP_323808049.1	97.222
WP_278863614	WP_069985718.1	93.827
WP_394605970	WP_260479442.1	87.5
WP_149781699	WP_332606491.1	99.2
WP_227538379	WP_260479442.1	87.5
WP_225389120	WP_165768430.1	98.701
WP_261630093	WP_409997804.1	99.898
WP_190319101	WP_409997804.1	99.797
WP_311207979	WP_152692415.1	93.056
WP_246842274	WP_366919652.1	94.595
WP_097426659	WP_152692415.1	88.567
WP_117143544	WP_366919652.1	97.297
WP_252517399	WP_409997804.1	99.507
WP_269480769	WP_269490028.1	93.976
WP_263775130	WP_272881226.1	96.774
WP_237767694	WP_069985718.1	93.846
WP_305194836	WP_410401005.1	85.227
WP_181567430	WP_410401005.1	100.0
WP_228594996	WP_410401005.1	100.0
WP_408814011	WP_156940919.1	86.667
WP_032440245	WP_228710993.1	95.105
WP_394612505	WP_260479442.1	87.5
WP_323917651	WP_228036025.1	95.455
WP_284317496	WP_165768430.1	98.936
WP_250951369	WP_247095357.1	94.83
WP_228709038	WP_410401005.1	100.0
WP_097471614	WP_366919652.1	94.595
WP_262187856	WP_417064782.1	96.985
WP_232627577	WP_124065253.1	100.0
WP_323848557	WP_417064782.1	100.0
WP_165430738	WP_272881226.1	92.593
WP_305222780	WP_124065253.1	100.0
WP_394605991	WP_260479442.1	87.5
WP_368471378	WP_069985718.1	85.317
WP_289693744	WP_409997804.1	99.833
WP_237113177	WP_043514340.1	99.598
WP_409447007	WP_409997804.1	99.695
WP_025002857	WP_004384057.1	89.344
WP_203259513	WP_228710993.1	95.105
WP_258962584	WP_248841089.1	98.63
WP_349482855	WP_272881226.1	96.774
WP_170747842	WP_228023579.1	90.625
WP_332606493	WP_260479442.1	97.059
WP_192841203	WP_409997804.1	98.883
WP_236923979	WP_417064782.1	99.217
WP_049040710	WP_366919652.1	94.595
WP_044984291	WP_226961205.1	100.0
WP_229233853	WP_152692415.1	94.077
WP_265496313	WP_019269578.1	94.643
WP_318428132	WP_366919652.1	94.595
WP_225389120	WP_124065257.1	94.34
WP_136139004	WP_417064782.1	100.0
WP_228710995	WP_323808049.1	96.97
WP_257965607	WP_228712067.1	86.486
WP_161450407	WP_152692415.1	92.737
WP_258041197	WP_241194367.1	91.503
WP_174491340	WP_409997804.1	98.985
WP_250376679	WP_410401005.1	99.435
WP_251361773	WP_409997804.1	99.545
WP_001727761	WP_366919652.1	94.595
WP_236486712	WP_425323302.1	89.362
WP_228723001	WP_417064782.1	100.0
WP_394612491	WP_260479442.1	87.5
WP_244157344	WP_272881226.1	93.939
WP_301688583	WP_332606491.1	99.2
WP_117269405	WP_260479442.1	90.323
WP_170101067	WP_069985718.1	90.995
WP_240995859	WP_285230769.1	88.462
WP_001505097	WP_409997804.1	98.883
WP_252354387	WP_410401005.1	100.0
WP_231527658	WP_409997804.1	99.595
WP_141577544	WP_226961205.1	100.0
WP_367379635	WP_228710993.1	95.105
WP_394515887	WP_260479442.1	87.5
WP_241500613	WP_228712067.1	86.486
WP_194515935	WP_323808049.1	85.714
WP_322873259	WP_152692415.1	89.903
WP_214680451	WP_409997804.1	100.0
WP_171003983	WP_410401005.1	100.0
WP_010724333	WP_040366718.1	96.552
WP_187576388	WP_332606491.1	99.2
WP_187493027	WP_312216037.1	86.782
WP_215715535	WP_416388739.1	90.909
WP_015059363	WP_409997804.1	99.711
WP_271859961	WP_040366718.1	100.0
WP_164840364	WP_417064782.1	89.13
WP_020078153	WP_228712067.1	86.486
WP_242781012	WP_332606491.1	95.2
WP_374221955	WP_272881226.1	93.548
WP_257965518	WP_417064782.1	88.265
WP_407251256	WP_260479442.1	97.059
WP_207594129	WP_349472012.1	95.918
WP_254681156	WP_035146712.1	100.0
WP_394606872	WP_260479442.1	87.5
WP_279620791	WP_035146712.1	100.0
WP_252397772	WP_410401005.1	100.0
WP_254913189	WP_260479442.1	87.5
WP_277839544	WP_239022530.1	98.529
WP_281082104	WP_332606491.1	99.2
WP_257645347	WP_353395127.1	93.023
WP_161476339	WP_410401005.1	100.0
WP_087850366	WP_228710993.1	95.105
WP_072123065	WP_272881226.1	93.548
WP_331387339	WP_332606491.1	99.2
WP_023180558	WP_410401005.1	92.975
WP_263466693	WP_367239353.1	85.057
WP_101827569	WP_366919652.1	97.297
WP_241374247	WP_409240751.1	97.561
WP_394517593	WP_228712067.1	86.486
WP_257123132	WP_228036025.1	95.455
WP_261310674	WP_255128775.1	85.714
WP_392487071	WP_410401005.1	93.388
WP_042324710	WP_272881226.1	87.097
WP_264757088	WP_228712067.1	86.486
WP_226961206	WP_228477217.1	99.67
WP_027663104	WP_409997804.1	98.782
WP_336511296	WP_069985718.1	100.0
WP_040469358	WP_095669548.1	92.857
WP_028120407	WP_409997804.1	98.68
WP_394314929	WP_286489050.1	86.905
WP_174217756	WP_409997804.1	99.797
WP_180410669	WP_410401005.1	100.0
WP_404999138	WP_410401005.1	99.587
WP_394606606	WP_260479442.1	87.5
WP_097296176	WP_425323302.1	89.362
WP_249541879	WP_425323302.1	95.122
WP_057072958	WP_124065253.1	100.0
WP_348636647	WP_247095357.1	94.83
WP_265503066	WP_243728866.1	98.485
WP_172812044	WP_410401005.1	100.0
WP_117085420	WP_228712067.1	86.486
WP_394515197	WP_260479442.1	87.5
WP_165812588	WP_366919652.1	94.595
WP_331716283	WP_373879108.1	98.113
WP_228262765	WP_228712067.1	86.486
WP_340125808	WP_366919652.1	86.364
WP_394606299	WP_323808049.1	97.222
WP_332679052	WP_260479442.1	97.059
WP_394611093	WP_228710993.1	95.105
WP_257965607	WP_323808049.1	97.222
WP_097425800	WP_249533827.1	100.0
WP_123828796	WP_409240751.1	90.244
WP_060962241	WP_367239353.1	86.207
WP_258041197	WP_043514340.1	89.011
WP_117269405	WP_228712067.1	86.486
WP_259904975	WP_409997804.1	99.797
WP_200074259	WP_417064782.1	100.0
WP_283559888	WP_349472011.1	87.273
WP_249939233	WP_410401005.1	99.029
WP_200919269	WP_410401005.1	100.0
WP_204362917	WP_409997804.1	99.797
WP_252656984	WP_228023579.1	100.0
WP_159318245	WP_421666502.1	93.939
WP_259272203	WP_272881226.1	93.548
WP_249509501	WP_409997804.1	99.898
WP_286540431	WP_421666502.1	93.939
WP_202847757	WP_410401005.1	100.0
WP_023148495	WP_409997804.1	99.888
WP_193162730	WP_421666502.1	90.909
WP_244586515	WP_069985718.1	85.714
WP_353411311	WP_156940919.1	86.667
WP_284554779	WP_272881226.1	95.833
WP_102084251	WP_228710993.1	95.105
WP_262256915	WP_409997804.1	99.695
WP_241194368	WP_367239353.1	87.356
WP_245394177	WP_272881226.1	87.879
WP_335800031	WP_260479442.1	87.097
WP_250391431	WP_410401005.1	100.0
WP_269489003	WP_269490028.1	93.976
WP_060619499	WP_421666502.1	93.939
WP_253891988	WP_332606491.1	99.2
WP_198290410	WP_410401005.1	99.587
WP_277887711	WP_152692415.1	93.384
WP_195817091	WP_152692415.1	90.292
WP_210709120	WP_332606491.1	99.2
WP_231530261	WP_410401005.1	100.0
WP_043000468	WP_152692415.1	95.128
WP_097416313	WP_249533827.1	100.0
WP_045361418	WP_228712067.1	86.486
WP_117089139	WP_272881226.1	93.548
WP_331326605	WP_272881226.1	96.774
WP_264974851	WP_241194367.1	89.643
WP_255128776	WP_272881226.1	86.667
WP_264974851	WP_285230769.1	98.558
WP_241528274	WP_228712067.1	86.486
WP_265105132	WP_323808049.1	97.222
WP_243045640	WP_421666502.1	93.939
WP_262390661	WP_260479442.1	87.5
WP_142910119	WP_069985718.1	89.412
WP_231539654	WP_228710993.1	95.105
WP_236941985	WP_409997804.1	100.0
WP_311817559	WP_040366718.1	100.0
WP_305194820	WP_069985718.1	99.16
WP_241091193	WP_258662729.1	93.782
WP_231841201	WP_409997804.1	99.476
WP_283798173	WP_272881226.1	96.774
WP_114500429	WP_421666502.1	96.97
WP_076645149	WP_373879108.1	96.552
WP_020078153	WP_323808049.1	97.222
WP_323848557	WP_124065253.1	100.0
WP_332679199	WP_124065253.1	100.0
WP_114507568	WP_124065253.1	100.0
WP_339330969	WP_156940919.1	86.667
WP_193757643	WP_152692415.1	90.08
WP_368459775	WP_409997804.1	99.695
WP_137540006	WP_255128775.1	85.714
WP_332606493	WP_417064782.1	98.828
WP_241993750	WP_366919652.1	97.297
WP_250394540	WP_366919652.1	94.595
WP_243728867	WP_434335677.1	98.765
WP_241693890	WP_040366718.1	100.0
WP_136086445	WP_152692415.1	95.226
WP_094917433	WP_069985718.1	89.005
WP_058179396	WP_367239353.1	86.207
WP_228594998	WP_409997804.1	100.0
WP_181713523	WP_409997804.1	100.0
WP_001442743	WP_409997804.1	99.797
WP_001218334	WP_425323302.1	89.362
WP_096839114	WP_152692415.1	89.991
WP_238969792	WP_228712067.1	86.486
WP_215489691	WP_230577283.1	88.732
WP_263062562	WP_410401005.1	100.0
WP_105133957	WP_226961205.1	95.604
WP_196223743	WP_228023579.1	90.625
WP_170880458	WP_409997804.1	85.787
WP_021559847	WP_366919652.1	94.595
WP_133092126	WP_370530204.1	88.55
WP_117094331	WP_417064782.1	100.0
WP_372433453	WP_238989866.1	97.688
WP_241528639	WP_260479442.1	87.5
WP_374063457	WP_260479442.1	94.118
WP_305222780	WP_409240751.1	97.561
WP_065810061	WP_332606491.1	99.2
WP_264974851	WP_238580651.1	99.631
WP_203032329	WP_417064782.1	98.956
WP_320886302	WP_421666502.1	93.939
WP_215250478	WP_410401005.1	100.0
WP_047050533	WP_366919652.1	94.595
WP_375215126	WP_366919652.1	94.595
WP_114507568	WP_260479442.1	100.0
WP_074392124	WP_226961205.1	98.901
WP_348919630	WP_409997804.1	99.797
WP_070719924	WP_004384057.1	95.161
WP_250221809	WP_410401005.1	100.0
WP_394606735	WP_228712067.1	86.486
WP_187576451	WP_332606491.1	99.2
WP_244591734	WP_233433202.1	93.878
WP_257645347	WP_248841089.1	94.382
WP_368044362	WP_409240751.1	91.304
WP_368462358	WP_421666502.1	93.939
WP_102879335	WP_367239353.1	87.356
WP_380972450	WP_228023579.1	90.625
WP_260836849	WP_366919652.1	91.892
WP_230490741	WP_421666502.1	93.939
WP_130983599	WP_069985718.1	99.719
WP_200535160	WP_409240751.1	90.244
WP_228262765	WP_323808049.1	97.222
WP_258096157	WP_409997804.1	99.797
WP_241374247	WP_332606491.1	99.2
WP_203032329	WP_409240751.1	95.122
WP_204163318	WP_410401005.1	100.0
WP_016357129	WP_281193273.1	100.0
WP_251849809	WP_255128775.1	90.323
WP_011387484	WP_045081927.1	94.643
WP_237113177	WP_241194367.1	90.036
WP_054893430	WP_367239353.1	88.506
WP_140248017	WP_272881226.1	96.97
WP_260836849	WP_421666502.1	90.909
WP_317837563	WP_367239353.1	86.207
WP_236941986	WP_409997804.1	99.778
WP_100279070	WP_228710993.1	95.105
WP_258638150	WP_345788826.1	85.0
WP_064765931	WP_410401005.1	100.0
WP_369062233	WP_228023579.1	90.625
WP_153781354	WP_272881226.1	96.774
WP_337092676	WP_323808049.1	97.222
WP_022651754	WP_417064782.1	99.217
WP_265496313	WP_019269577.1	93.75
WP_349612002	WP_226961205.1	100.0
WP_277460970	WP_260479442.1	90.323
WP_346404633	WP_366919652.1	97.297
WP_172427015	WP_333727762.1	100.0
WP_241922034	WP_272881226.1	87.097
WP_119225658	WP_119212774.1	93.243
WP_337809696	WP_155813798.1	90.984
WP_005777172	WP_367239353.1	87.356
WP_311812599	WP_040366718.1	100.0
WP_228730065	WP_409997804.1	99.371
WP_003773355	WP_016357131.1	99.643
WP_172907112	WP_409997804.1	99.695
WP_185846944	WP_366919652.1	94.595
WP_242781012	WP_260479442.1	94.118
WP_313433878	WP_272881226.1	93.548
WP_254681156	WP_251950502.1	99.714
WP_262187849	WP_417064782.1	100.0
WP_264754112	WP_260479442.1	87.5
WP_181877452	WP_409997804.1	98.68
WP_315070504	WP_228036025.1	88.462
WP_202688260	WP_417064782.1	100.0
WP_102015970	WP_228710993.1	92.857
WP_394606457	WP_323808049.1	97.222
WP_204270503	WP_410401005.1	100.0
WP_277839544	WP_228475700.1	99.231
WP_136139004	WP_260479442.1	97.561
WP_044713781	WP_366919652.1	94.595
WP_225376979	WP_366919652.1	94.595
WP_369672417	WP_040366718.1	96.552
WP_323943322	WP_156940919.1	86.667
WP_084818649	WP_409997804.1	99.797
WP_316894616	WP_273681674.1	88.362
WP_208952767	WP_260479442.1	90.625
WP_400397884	WP_272881226.1	87.097
WP_176142865	WP_410401005.1	100.0
WP_407491123	WP_410401005.1	100.0
WP_102059840	WP_323808049.1	97.222
WP_065985356	WP_367239353.1	85.057
WP_253891988	WP_409240751.1	97.561
WP_258184836	WP_260479442.1	87.5
WP_243572908	WP_040366718.1	100.0
WP_058588665	WP_409240751.1	87.805
WP_266237378	WP_124065253.1	94.805
WP_343075868	WP_332606491.1	99.2
WP_369024705	WP_434335677.1	97.911
WP_404855401	WP_410401005.1	98.985
WP_254681156	WP_172952845.1	100.0
WP_233969931	WP_409997804.1	99.594
WP_236923979	WP_124065257.1	94.34
WP_320521523	WP_367239353.1	85.057
WP_279458711	WP_228023579.1	88.889
WP_227523594	WP_366919652.1	97.297
WP_197237284	WP_285220741.1	85.294
WP_033953442	WP_367239353.1	85.057
WP_349856259	WP_366919652.1	89.189
WP_264546662	WP_421666502.1	93.939
WP_225527762	WP_410401005.1	89.286
WP_209739907	WP_069985718.1	95.113
WP_228477420	WP_228475700.1	99.231
WP_353395125	WP_249533827.1	90.323
WP_170995639	WP_410401005.1	99.587
WP_352516386	WP_228710993.1	95.105
WP_228712064	WP_228710993.1	92.754
WP_266099088	WP_260479442.1	87.5
WP_263895512	WP_249533827.1	100.0
WP_240733373	WP_247095357.1	86.731
WP_122302929	WP_367239353.1	87.356
WP_118362716	WP_416388739.1	95.455
WP_200074259	WP_124065253.1	100.0
WP_225379887	WP_409997804.1	99.391
WP_044764667	WP_226961205.1	100.0
WP_091698691	WP_228023579.1	90.625
WP_169513222	WP_260479442.1	90.323
WP_368735196	WP_228036025.1	88.462
WP_332679052	WP_409240751.1	97.561
WP_240767851	WP_272881226.1	93.548
WP_225389120	WP_260479442.1	94.118
WP_250221809	WP_409997804.1	99.595
WP_257965454	WP_260479442.1	87.5
WP_342125396	WP_272881226.1	93.548
WP_407251256	WP_417064782.1	100.0
WP_408882491	WP_228712067.1	86.486
WP_240995859	WP_238580651.1	87.085
WP_025002857	WP_155813798.1	89.344
WP_072644865	WP_272881226.1	96.774
WP_022651754	WP_409240751.1	95.122
WP_241425009	WP_373879108.1	96.552
WP_337339400	WP_349472012.1	95.918
WP_253180042	WP_410401005.1	100.0
WP_065801005	WP_409240751.1	97.561
WP_264757088	WP_260479442.1	87.5
WP_337086725	WP_228712067.1	86.486
WP_104015023	WP_228036025.1	86.486
WP_211823690	WP_272881226.1	90.323
WP_394612491	WP_323808049.1	97.222
WP_263059207	WP_366919652.1	94.595
WP_221018574	WP_417064782.1	95.714
WP_283705036	WP_110014917.1	93.86
WP_305222780	WP_332606491.1	99.2
WP_318613194	WP_228712067.1	86.486
WP_141265856	WP_373879108.1	96.552
WP_060460788	WP_272881226.1	93.548
WP_404855223	WP_409997804.1	99.896
WP_005602297	WP_416388739.1	95.455
WP_032191400	WP_409240751.1	90.244
WP_241091193	WP_043514340.1	89.113
WP_165768429	WP_124065257.1	92.453
WP_001505097	WP_410401005.1	99.587
WP_284241428	WP_332606491.1	94.4
WP_232471749	WP_409997804.1	86.441
WP_222689632	WP_409997804.1	87.107
WP_107320995	WP_228712067.1	86.486
WP_159121403	WP_124065253.1	96.104
WP_133206229	WP_349472011.1	87.273
WP_394606434	WP_228710993.1	95.105
WP_284868196	WP_261801536.1	99.539
WP_320747970	WP_367239353.1	87.356
WP_242925616	WP_272881226.1	93.548
WP_261167511	WP_255128775.1	93.878
WP_170988291	WP_410401005.1	100.0
WP_265105132	WP_260479442.1	87.5
WP_240022541	WP_434999535.1	99.394
WP_266099088	WP_323808049.1	97.222
WP_015683439	WP_366919652.1	94.595
WP_176193724	WP_152692415.1	95.833
WP_289666377	WP_373879108.1	96.552
WP_277460970	WP_323808049.1	97.222
WP_277887387	WP_410401005.1	100.0
WP_254681276	WP_373879108.1	96.552
WP_165885141	WP_243728866.1	98.485
WP_327027658	WP_124065253.1	97.297
WP_308332197	WP_272881226.1	96.774
WP_205592688	WP_421666502.1	93.939
WP_146644184	WP_409997804.1	100.0
WP_219720750	WP_228712067.1	86.486
WP_021560908	WP_366919652.1	94.595
WP_222186204	WP_421666502.1	93.939
WP_305867881	WP_272881226.1	96.774
WP_252514362	WP_409997804.1	100.0
WP_396614616	WP_333727762.1	100.0
WP_368762290	WP_260479442.1	87.5
WP_229264966	WP_260479442.1	90.323
WP_247099811	WP_260479442.1	87.5
WP_169057872	WP_152692415.1	87.805
WP_223723883	WP_152692415.1	90.08
WP_032418459	WP_228712067.1	86.486
WP_254914746	WP_323808049.1	97.222
WP_320431381	WP_332606491.1	96.8
WP_394606790	WP_323808049.1	97.222
WP_196277483	WP_272881226.1	87.097
WP_001144732	WP_409997804.1	99.898
WP_394504887	WP_228712067.1	86.486
WP_190319101	WP_410401005.1	100.0
WP_250394539	WP_247095357.1	86.885
WP_200781392	WP_228712067.1	86.486
WP_010775591	WP_040366718.1	100.0
WP_328760699	WP_272881226.1	87.097
WP_241223930	WP_409997804.1	98.983
WP_194515935	WP_260479442.1	87.097
WP_152026477	WP_432280865.1	95.556
WP_001278662	WP_272881226.1	96.774
WP_263062562	WP_409997804.1	99.594
WP_311040388	WP_425323302.1	89.362
WP_219820659	WP_156940919.1	86.667
WP_228723001	WP_409240751.1	97.561
WP_097478955	WP_233433202.1	93.878
WP_065863749	WP_367239353.1	87.356
WP_162100803	WP_373879108.1	96.552
WP_260838386	WP_410401005.1	100.0
WP_180963368	WP_333727762.1	100.0
WP_096778028	WP_272881226.1	96.774
WP_064114836	WP_323808049.1	97.222
WP_394606523	WP_260479442.1	87.5
WP_316364037	WP_269490028.1	92.941
WP_205246975	WP_410401005.1	99.587
WP_247152052	WP_409997804.1	98.598
WP_236487880	WP_152692415.1	89.091
WP_221686811	WP_409997804.1	99.795
WP_176215828	WP_410401005.1	99.587
WP_212767994	WP_409997804.1	100.0
WP_100692674	WP_272881226.1	96.774
WP_332606489	WP_124065257.1	100.0
WP_181948810	WP_069985718.1	99.625
WP_217628964	WP_069985718.1	93.827
WP_367169289	WP_425323302.1	89.362
WP_176215828	WP_409997804.1	99.797
WP_289883115	WP_226961205.1	100.0
WP_060529667	WP_043514340.1	85.484
WP_040214404	WP_124065253.1	100.0
WP_246847248	WP_409997804.1	88.652
WP_227549694	WP_417064782.1	85.577
WP_228710995	WP_260479442.1	87.5
WP_308747698	WP_432281161.1	94.332
WP_139531028	WP_260479442.1	90.323
WP_227013145	WP_226961205.1	100.0
WP_349883607	WP_366919652.1	89.189
WP_136655222	WP_260479442.1	100.0
WP_251988860	WP_152692415.1	95.547
WP_408850817	WP_156940919.1	86.667
WP_286933439	WP_272881226.1	96.774
WP_394606285	WP_260479442.1	87.5
WP_327027658	WP_124065257.1	100.0
WP_001542068	WP_410401005.1	100.0
WP_250668008	WP_410401005.1	100.0
WP_311207970	WP_152692415.1	89.564
WP_353395125	WP_255128775.1	93.548
WP_251925496	WP_373879108.1	96.552
WP_210579360	WP_332606491.1	99.2
WP_254681156	WP_367294503.1	99.419
WP_353255082	WP_417064782.1	85.366
WP_374063457	WP_332606491.1	95.2
WP_175418760	WP_425323302.1	89.362
WP_193547011	WP_152692415.1	95.37
WP_265496313	WP_045081927.1	92.857
WP_284241428	WP_260479442.1	94.118
WP_394606735	WP_260479442.1	87.5
WP_302351210	WP_040366718.1	100.0
WP_240994997	WP_043514340.1	89.113
WP_176168203	WP_409997804.1	85.787
WP_258962584	WP_353395127.1	98.63
WP_117094331	WP_332606491.1	99.2
WP_001218334	WP_152692415.1	90.168
WP_110184320	WP_272881226.1	93.548
WP_223524295	WP_366919652.1	97.297
WP_408830011	WP_156940919.1	86.667
WP_096261741	WP_272881226.1	96.774
WP_132921177	WP_323808049.1	85.714
WP_032453752	WP_421666502.1	93.939
WP_368471378	WP_410401005.1	100.0
WP_325798121	WP_421666502.1	93.939
WP_229297514	WP_069985718.1	93.827
WP_279620791	WP_251950502.1	99.429
WP_130986030	WP_272881226.1	87.097
WP_253248802	WP_323808049.1	97.222
WP_317699291	WP_261369487.1	99.408
WP_240994997	WP_241194367.1	91.429
WP_394606457	WP_260479442.1	87.5
WP_317699130	WP_261369488.1	93.413
WP_065801005	WP_332606491.1	99.2
WP_216350583	WP_409997804.1	99.797
WP_205845250	WP_425323302.1	89.362
WP_262390661	WP_323808049.1	97.222
WP_226199426	WP_409997804.1	99.695
WP_228723001	WP_260479442.1	97.059
WP_327019914	WP_069985718.1	93.827
WP_392360179	WP_233433202.1	97.959
WP_174491135	WP_410401005.1	100.0
WP_394606206	WP_260479442.1	87.5
WP_046784161	WP_041159810.1	98.214
WP_176557374	WP_410401005.1	100.0
WP_267200225	WP_255128775.1	85.714
WP_198290410	WP_409997804.1	99.695
WP_032440245	WP_228712067.1	86.486
WP_367237754	WP_367239353.1	85.057
WP_163455010	WP_425323302.1	89.362
WP_001357426	WP_366919652.1	94.595
WP_323917651	WP_228023579.1	97.436
WP_244334972	WP_272881226.1	96.774
WP_260838386	WP_409997804.1	99.587
WP_186238490	WP_410401005.1	100.0
WP_194840983	WP_410401005.1	100.0
WP_289890003	WP_226961205.1	100.0
WP_011387484	WP_019269577.1	96.296
WP_248299083	WP_409997804.1	100.0
WP_243055920	WP_272881226.1	96.774
WP_203259513	WP_228712067.1	86.486
WP_342751093	WP_425429174.1	100.0
WP_394606437	WP_228712067.1	86.486
WP_305218327	WP_332606491.1	98.4
WP_258041197	WP_258662729.1	94.064
WP_240733372	WP_421666502.1	93.939
WP_158691247	WP_260479442.1	90.625
WP_213542299	WP_260479442.1	90.323
WP_240994997	WP_238580651.1	87.454
WP_150341776	WP_069985718.1	88.72
WP_218569191	WP_040366718.1	96.552
WP_117034245	WP_165768430.1	98.701
WP_256137176	WP_409997804.1	99.154
WP_161636153	WP_228710993.1	95.105
WP_181981926	WP_124752490.1	92.708
WP_369400186	WP_069985718.1	93.827
WP_199954866	WP_323808049.1	85.714
WP_181048191	WP_410401005.1	100.0
WP_252384634	WP_409997804.1	99.898
WP_407259628	WP_366919652.1	91.892
WP_342706873	WP_366919652.1	97.297
WP_200535160	WP_260479442.1	87.097
WP_258219432	WP_366919652.1	94.595
WP_019269576	WP_243728866.1	98.485
WP_353580838	WP_417064782.1	100.0
WP_373129110	WP_235284816.1	90.0
WP_241098507	WP_285230769.1	88.995
WP_226382740	WP_409997804.1	99.888
WP_080213581	WP_272881226.1	86.667
WP_200781392	WP_228710993.1	95.105
WP_347452326	WP_432281161.1	93.927
WP_394606690	WP_260479442.1	87.5
WP_318041159	WP_124065253.1	100.0
WP_394605970	WP_323808049.1	97.222
WP_318042167	WP_124065253.1	100.0
WP_394606872	WP_228712067.1	86.486
WP_396275212	WP_421666502.1	93.939
WP_407251356	WP_228710993.1	95.105
WP_137349397	WP_409240751.1	90.244
WP_046784161	WP_019269577.1	96.296
WP_283719093	WP_260479442.1	90.323
WP_369024705	WP_019269577.1	93.75
WP_259904975	WP_410401005.1	100.0
WP_226339348	WP_228710993.1	95.105
WP_264292936	WP_260479442.1	87.5
WP_161649391	WP_260479442.1	97.059
WP_341536464	WP_228023579.1	93.182
WP_394496931	WP_228712067.1	86.486
WP_340078439	WP_410401005.1	100.0
WP_262187849	WP_165768430.1	98.701
WP_154911401	WP_228710993.1	94.406
WP_044558297	WP_226961205.1	100.0
WP_204362917	WP_410401005.1	100.0
WP_139531028	WP_323808049.1	97.222
WP_241359880	WP_260479442.1	87.5
WP_264972060	WP_366919652.1	94.595
WP_088568788	WP_272881226.1	96.774
WP_395266374	WP_272881226.1	93.548
WP_117251240	WP_417064782.1	100.0
WP_240995859	WP_241194367.1	91.071
WP_176210974	WP_409997804.1	98.68
WP_394606167	WP_228712067.1	86.486
WP_254895374	WP_272881226.1	93.548
WP_217324719	WP_260479442.1	100.0
WP_227525956	WP_366919652.1	94.595
WP_318041159	WP_260479442.1	100.0
WP_394605972	WP_057190336.1	98.485
WP_227666605	WP_124065253.1	100.0
WP_305207801	WP_409997804.1	100.0
WP_284556596	WP_255128775.1	85.714
WP_318042167	WP_260479442.1	100.0
WP_267200225	WP_233433202.1	93.878
WP_353520550	WP_409997804.1	99.898
WP_170914565	WP_410401005.1	93.388
WP_201479184	WP_425323302.1	89.362
WP_394606606	WP_228712067.1	86.486
WP_264292936	WP_228712067.1	86.486
WP_050290357	WP_272881226.1	93.548
WP_045344560	WP_272881226.1	87.097
WP_394606130	WP_260479442.1	87.5
WP_305218327	WP_417064782.1	100.0
WP_259652723	WP_069985718.1	99.699
WP_338241987	WP_152692415.1	88.285
WP_284986547	WP_349472011.1	96.875
WP_279620791	WP_162926701.1	99.18
WP_254914746	WP_260479442.1	87.5
WP_120124000	WP_416388739.1	95.455
WP_407251037	WP_260479442.1	87.5
WP_248841952	WP_409997804.1	98.707
WP_394515197	WP_228712067.1	86.486
WP_225395865	WP_421666502.1	93.939
WP_023180558	WP_409997804.1	85.99
WP_262187849	WP_124065257.1	94.34
WP_236923979	WP_260479442.1	94.118
WP_061827378	WP_373879108.1	96.552
WP_261289655	WP_255128775.1	88.71
WP_267452667	WP_260479442.1	87.5
WP_163455008	WP_152692415.1	87.961
WP_001442743	WP_410401005.1	100.0
WP_172812044	WP_409997804.1	99.797
WP_279505196	WP_156940919.1	86.667
WP_019968930	WP_155813798.1	97.541
WP_074411445	WP_226961205.1	100.0
WP_048995873	WP_272881226.1	93.548
WP_013852862	WP_016357131.1	100.0
WP_286250320	WP_156940919.1	86.667
WP_258404751	WP_410401005.1	100.0
WP_036428024	WP_434335677.1	98.387
WP_161649391	WP_332606491.1	99.2
WP_244463652	WP_156940919.1	86.667
WP_259274880	WP_228712067.1	86.486
WP_147607111	WP_040366718.1	96.552
WP_340125808	WP_409240751.1	97.561
WP_069067313	WP_152692415.1	90.168
WP_407251037	WP_228712067.1	86.486
WP_045610412	WP_230577283.1	88.732
WP_241359880	WP_323808049.1	97.222
WP_237023563	WP_230577283.1	86.792
WP_097416313	WP_233433202.1	93.878
WP_348919630	WP_410401005.1	100.0
WP_001696646	WP_409997804.1	99.797
WP_200041655	WP_366919652.1	94.595
WP_233433203	WP_272881226.1	93.548
WP_258041197	WP_273681674.1	89.224
WP_193528554	WP_260479442.1	87.097
WP_140561723	WP_228712067.1	86.486
WP_263059207	WP_247095357.1	85.16
WP_137963353	WP_247095357.1	95.028
WP_375846971	WP_366919652.1	94.595
WP_262390661	WP_228712067.1	86.486
WP_353524257	WP_409997804.1	99.594
WP_097582730	WP_409240751.1	90.244
WP_264757088	WP_323808049.1	97.222
WP_244587651	WP_425323302.1	94.118
WP_129993656	WP_421666502.1	96.97
WP_229233777	WP_152692415.1	96.875
WP_023146725	WP_410401005.1	100.0
WP_102015970	WP_323808049.1	100.0
WP_253263110	WP_040366718.1	96.552
WP_258096157	WP_410401005.1	100.0
WP_130983528	WP_409240751.1	95.122
WP_202688260	WP_409240751.1	97.561
WP_102084251	WP_228712067.1	86.486
WP_251257918	WP_410401005.1	100.0
WP_163427638	WP_272881226.1	96.774
WP_176240820	WP_410401005.1	100.0
WP_369009900	WP_409997804.1	99.897
WP_394500600	WP_260479442.1	90.323
WP_118758238	WP_416388739.1	95.455
WP_337444784	WP_409997804.1	99.898
WP_289942673	WP_410401005.1	100.0
WP_117085420	WP_323808049.1	97.222
WP_342672723	WP_261369487.1	99.408
WP_199901126	WP_409997804.1	99.872
WP_394606767	WP_260479442.1	87.5
WP_131032880	WP_272881226.1	93.548
WP_253215341	WP_226961205.1	97.802
WP_138266778	WP_432281161.1	94.737
WP_174491135	WP_409997804.1	99.086
WP_250394161	WP_409997804.1	99.301
WP_332424138	WP_434999535.1	98.795
WP_221018574	WP_124065253.1	100.0
WP_277446040	WP_409997804.1	99.84
WP_253248802	WP_260479442.1	87.5
WP_227165825	WP_409997804.1	99.502
WP_223723883	WP_425323302.1	89.362
WP_373404141	WP_069985718.1	88.815
WP_117034245	WP_332606491.1	95.2
WP_231539654	WP_228712067.1	86.486
WP_193757643	WP_425323302.1	89.362
WP_117269405	WP_323808049.1	97.222
WP_226295165	WP_272881226.1	96.774
WP_258078209	WP_040366718.1	100.0
WP_097426660	WP_152692415.1	93.384
WP_273913956	WP_367239353.1	88.506
WP_240534263	WP_410401005.1	100.0
WP_267615558	WP_410401005.1	99.587
WP_159121403	WP_409240751.1	97.561
WP_340125808	WP_228712067.1	90.323
WP_014584482	WP_230577283.1	100.0
WP_258962584	WP_249533827.1	97.283
WP_084818649	WP_410401005.1	100.0
WP_236941986	WP_410401005.1	100.0
WP_064174929	WP_260479442.1	97.059
WP_353890978	WP_434999535.1	99.242
WP_176207326	WP_410401005.1	100.0
WP_265935392	WP_425323302.1	89.362
WP_407218355	WP_255128775.1	85.714
WP_333771957	WP_228712067.1	90.323
WP_021534945	WP_409997804.1	99.797
WP_262361641	WP_228710993.1	95.105
WP_241528274	WP_323808049.1	97.222
WP_262187849	WP_332606491.1	95.2
WP_291802237	WP_432281161.1	96.761
WP_338190322	WP_262274644.1	97.872
WP_274122695	WP_069985718.1	98.63
WP_240741474	WP_228712067.1	86.486
WP_404855858	WP_124065253.1	100.0
WP_366984376	WP_409997804.1	99.891
WP_247176985	WP_409997804.1	99.797
WP_289693744	WP_410401005.1	100.0
WP_310663721	WP_409240751.1	97.561
WP_327621480	WP_069985718.1	86.755
WP_276357374	WP_409997804.1	98.782
WP_240995859	WP_273681674.1	89.904
WP_071645254	WP_272881226.1	86.667
WP_209392441	WP_410401005.1	100.0
WP_005602297	WP_182430006.1	85.393
WP_171970042	WP_152692415.1	90.391
WP_375901680	WP_228036025.1	88.462
WP_347035668	WP_432281161.1	90.688
WP_247168704	WP_409997804.1	99.695
WP_118370843	WP_416388739.1	95.455
WP_258404751	WP_409997804.1	99.595
WP_347452325	WP_432280865.1	95.732
WP_347403489	WP_409997804.1	99.695
WP_257371185	WP_349472011.1	90.09
WP_203196676	WP_228710993.1	95.105
WP_305868322	WP_409997804.1	99.89
WP_149781699	WP_409240751.1	97.561
WP_265503066	WP_019269578.1	94.643
WP_267452667	WP_228712788.1	95.385
WP_353580838	WP_260479442.1	100.0
WP_265003198	WP_247095357.1	99.841
WP_146643783	WP_409997804.1	100.0
WP_264754112	WP_228712067.1	86.486
WP_373859702	WP_260479442.1	90.323
WP_265496313	WP_243728866.1	98.485
WP_221695464	WP_272881226.1	93.548
WP_100279070	WP_228712067.1	86.486
WP_251134868	WP_409997804.1	100.0
WP_407245475	WP_124065253.1	100.0
WP_332868278	WP_332606491.1	99.2
WP_311752783	WP_249533827.1	89.796
WP_101705289	WP_421666502.1	93.939
WP_325820473	WP_040366718.1	100.0
WP_369024705	WP_045081927.1	92.857
WP_171991444	WP_409997804.1	99.898
WP_099960298	WP_373879108.1	96.552
WP_074385516	WP_152692415.1	94.638
WP_394500600	WP_228712067.1	86.486
WP_127835863	WP_113774492.1	93.919
WP_227627404	WP_124065253.1	100.0
WP_332679052	WP_323808049.1	87.879
WP_286595674	WP_228712067.1	86.486
WP_350745867	WP_228023579.1	90.625
WP_023370277	WP_434999535.1	98.182
WP_054176791	WP_272881226.1	87.097
WP_380189034	WP_124065253.1	100.0
WP_394606735	WP_323808049.1	97.222
WP_251257918	WP_409997804.1	99.595
WP_145586832	WP_366919652.1	94.595
WP_134064699	WP_367239353.1	88.506
WP_317699064	WP_016357131.1	100.0
WP_282468674	WP_222704088.1	92.982
WP_337092676	WP_260479442.1	90.323
WP_252391305	WP_410401005.1	100.0
WP_106459658	WP_226961205.1	100.0
WP_368471378	WP_409997804.1	99.435
WP_263895512	WP_233433202.1	93.878
WP_409222345	WP_409997804.1	99.797
WP_024247922	WP_272881226.1	96.774
WP_252498763	WP_255128775.1	85.714
WP_228594996	WP_409997804.1	99.761
WP_274431392	WP_409997804.1	99.748
WP_348881258	WP_227554590.1	96.939
WP_240994997	WP_273681674.1	90.385
WP_368109294	WP_432281161.1	100.0
WP_231539654	WP_323808049.1	97.222
WP_104460386	WP_332606491.1	99.2
WP_257645347	WP_255128775.1	92.5
WP_118362716	WP_182430006.1	100.0
WP_256947855	WP_260479442.1	87.5
WP_167811033	WP_152692415.1	89.991
WP_267203781	WP_272881226.1	96.774
WP_241407768	WP_410401005.1	100.0
WP_269317264	WP_124065253.1	100.0
WP_227013147	WP_228477217.1	99.67
WP_257965454	WP_228712067.1	86.486
WP_251361775	WP_410401005.1	100.0
WP_239637978	WP_410401005.1	100.0
WP_310663721	WP_260479442.1	97.059
WP_276376830	WP_409997804.1	99.695
WP_202688260	WP_332606491.1	99.2
WP_240514937	WP_228712067.1	86.486
WP_348831803	WP_409997804.1	95.89
WP_102059840	WP_260479442.1	90.323
WP_185775539	WP_409240751.1	97.561
WP_318220704	WP_272881226.1	96.774
WP_159318245	WP_366919652.1	94.595
WP_172950547	WP_409997804.1	99.797
WP_286540431	WP_366919652.1	94.595
WP_394512655	WP_228712067.1	86.486
WP_352516386	WP_228712067.1	86.486
