psi_protein,neighbor_protein,neighbor_pident,genome_protein,genome_pident
WP_142956017,WP_040366718.1,100.0,WP_007208429.1,85.897
WP_039468618,WP_366919652.1,91.892,WP_301696169.1,86.368
WP_039468618,WP_421666502.1,90.909,WP_301696169.1,86.368
WP_096660655,WP_260479442.1,100.0,WP_124065251.1,100.0
WP_096660655,WP_124065253.1,100.0,WP_124065251.1,100.0
WP_096660655,WP_417064782.1,100.0,WP_232627577.1,99.763
WP_096660655,WP_409240751.1,97.561,WP_124065251.1,100.0
WP_096660655,WP_332606491.1,99.2,WP_332606490.1,99.123
WP_070719924,WP_155813798.1,95.161,WP_004384058.1,99.233
WP_070719924,WP_004384057.1,95.161,WP_004384058.1,99.233
WP_353525381,WP_272881226.1,96.774,WP_284556596.1,99.216
WP_317699130,WP_223246854.1,99.741,WP_223246853.1,100.0
WP_317699130,WP_016357131.1,98.916,WP_016357129.1,99.513
WP_317699130,WP_281193273.1,100.0,WP_342672723.1,99.418
WP_317699130,WP_252856510.1,98.876,WP_016357129.1,99.513
WP_317699130,WP_261369487.1,98.98,WP_223246853.1,100.0
WP_317699130,WP_261369488.1,93.413,WP_223246853.1,100.0
WP_318590288,WP_165768430.1,95.763,WP_165768429.1,95.833
WP_213542299,WP_228710993.1,95.105,WP_228710992.1,100.0
WP_213542299,WP_228712067.1,86.486,WP_228712064.1,99.554
WP_213542299,WP_323808049.1,97.222,WP_228712064.1,99.554
WP_161400299,WP_272881226.1,96.774,WP_284556596.1,99.346
WP_311102690,WP_366919652.1,94.595,WP_301696169.1,87.354
WP_311102690,WP_421666502.1,93.939,WP_301696169.1,87.354
WP_394606730,WP_228710993.1,95.105,WP_228710992.1,98.319
WP_257645347,WP_233433202.1,93.5,WP_233433203.1,92.437
WP_257645347,WP_409024342.1,93.443,WP_409024341.1,89.756
WP_257645347,WP_251849807.1,95.082,WP_251849809.1,85.597
WP_257645347,WP_249533827.1,93.0,WP_249533828.1,93.0
WP_257645347,WP_353395127.1,93.023,WP_353395125.1,86.008
WP_257645347,WP_248841089.1,94.382,WP_248841087.1,88.934
WP_257645347,WP_255128775.1,92.5,WP_255128776.1,86.923
WP_256791197,WP_247095357.1,95.065,WP_247095355.1,96.135
WP_266237378,WP_260479442.1,96.97,WP_124065251.1,95.833
WP_266237378,WP_417064782.1,99.217,WP_232627577.1,95.564
WP_266237378,WP_409240751.1,95.122,WP_124065251.1,95.833
WP_266237378,WP_332606491.1,95.2,WP_332606490.1,96.463
WP_266237378,WP_124065253.1,94.805,WP_124065251.1,95.833
WP_161647796,WP_124065253.1,100.0,WP_124065251.1,100.0
WP_161647796,WP_332606491.1,99.2,WP_332606490.1,99.342
WP_032730608,WP_272881226.1,93.548,WP_284556596.1,92.418
WP_163455010,WP_425323302.1,89.362,WP_338241987.1,89.655
WP_040224226,WP_272881226.1,93.548,WP_284556596.1,92.549
WP_083022125,WP_272881226.1,93.548,WP_284556596.1,92.218
WP_332652737,WP_124065253.1,100.0,WP_124065251.1,100.0
WP_332652737,WP_417064782.1,100.0,WP_232627577.1,99.881
WP_332652737,WP_332606491.1,99.2,WP_332606490.1,99.342
WP_338350363,WP_040366718.1,100.0,WP_007208429.1,87.126
WP_284554624,WP_255128775.1,85.714,WP_255128776.1,91.745
WP_284554624,WP_233433202.1,93.878,WP_233433203.1,91.284
WP_284554624,WP_249533827.1,100.0,WP_249533828.1,100.0
WP_337452952,WP_410401005.1,99.587,WP_249509501.1,99.802
WP_337452952,WP_409997804.1,99.797,WP_261307172.1,99.627
WP_022651754,WP_260479442.1,94.118,WP_124065251.1,95.833
WP_022651754,WP_124065253.1,94.805,WP_124065251.1,95.833
WP_022651754,WP_332606491.1,95.2,WP_332606490.1,95.614
WP_022651754,WP_124065257.1,92.453,WP_124065251.1,95.833
WP_022651754,WP_165768430.1,100.0,WP_165768429.1,100.0
WP_022651754,WP_417064782.1,99.217,WP_232627577.1,95.611
WP_022651754,WP_409240751.1,95.122,WP_124065251.1,95.833
WP_201752314,WP_410401005.1,100.0,WP_249509501.1,99.865
WP_201752314,WP_409997804.1,99.861,WP_261307172.1,100.0
WP_026539918,WP_349472011.1,92.727,WP_349472010.1,89.366
WP_026539918,WP_349472012.1,87.5,WP_349472010.1,89.366
WP_374063457,WP_409240751.1,95.122,WP_124065251.1,95.833
WP_374063457,WP_124065253.1,94.805,WP_124065251.1,95.833
WP_374063457,WP_165768430.1,98.701,WP_165768429.1,99.768
WP_374063457,WP_417064782.1,98.956,WP_232627577.1,95.73
WP_374063457,WP_124065257.1,94.34,WP_124065251.1,95.833
WP_374063457,WP_260479442.1,94.118,WP_124065251.1,95.833
WP_374063457,WP_332606491.1,95.2,WP_332606490.1,95.614
WP_265813881,WP_272881226.1,93.548,WP_284556596.1,90.588
WP_210408756,WP_228710993.1,95.105,WP_228710992.1,98.319
WP_172901318,WP_409997804.1,99.797,WP_261307172.1,100.0
WP_172901318,WP_410401005.1,100.0,WP_249509501.1,99.802
WP_250901997,WP_272881226.1,96.774,WP_284556596.1,89.181
WP_102003898,WP_366919652.1,94.595,WP_301696169.1,87.803
WP_102003898,WP_421666502.1,93.939,WP_301696169.1,87.803
WP_130983528,WP_124065253.1,94.805,WP_124065251.1,95.833
WP_130983528,WP_332606491.1,95.2,WP_332606490.1,95.395
WP_130983528,WP_417064782.1,99.217,WP_232627577.1,95.492
WP_130983528,WP_260479442.1,96.97,WP_124065251.1,95.833
WP_130983528,WP_409240751.1,95.122,WP_124065251.1,95.833
WP_118149125,WP_416388739.1,95.455,WP_119218706.1,99.398
WP_118149125,WP_182430006.1,100.0,WP_118344937.1,100.0
WP_394606567,WP_228712067.1,86.486,WP_228712064.1,99.554
WP_394606567,WP_323808049.1,97.222,WP_228712064.1,99.554
WP_394606567,WP_228710993.1,95.105,WP_228710992.1,100.0
WP_369024705,WP_041159810.1,92.857,WP_230593178.1,93.446
WP_369024705,WP_019269578.1,94.643,WP_019269576.1,96.017
WP_369024705,WP_243728866.1,98.485,WP_243728867.1,93.373
WP_369024705,WP_019269577.1,93.75,WP_036428024.1,95.807
WP_369024705,WP_045081927.1,92.857,WP_045081926.1,95.388
WP_395532396,WP_040366718.1,100.0,WP_007208429.1,99.727
WP_249418449,WP_410401005.1,100.0,WP_249509501.1,99.308
WP_249418449,WP_409997804.1,99.289,WP_261307172.1,99.254
WP_349816124,WP_409997804.1,99.898,WP_261307172.1,99.567
WP_349816124,WP_410401005.1,99.524,WP_249509501.1,99.901
WP_311207970,WP_425323302.1,89.362,WP_338241987.1,99.777
WP_345757892,WP_152692415.1,94.863,WP_049007989.1,89.908
WP_310663721,WP_332606491.1,99.2,WP_332606490.1,99.342
WP_310663721,WP_417064782.1,100.0,WP_232627577.1,99.763
WP_310663721,WP_124065253.1,100.0,WP_124065251.1,100.0
WP_310663721,WP_409240751.1,97.561,WP_124065251.1,100.0
WP_310663721,WP_260479442.1,97.059,WP_124065251.1,100.0
WP_368759959,WP_421666502.1,93.939,WP_301696169.1,87.713
WP_368759959,WP_366919652.1,94.595,WP_301696169.1,87.713
WP_261289655,WP_249533827.1,100.0,WP_249533828.1,96.791
WP_261289655,WP_233433202.1,95.161,WP_233433203.1,89.806
WP_261289655,WP_255128775.1,88.71,WP_255128776.1,87.558
WP_252498763,WP_233433202.1,93.878,WP_233433203.1,92.0
WP_252498763,WP_249533827.1,100.0,WP_249533828.1,99.768
WP_252498763,WP_255128775.1,85.714,WP_255128776.1,91.974
WP_242811562,WP_410401005.1,100.0,WP_249509501.1,99.766
WP_242811562,WP_409997804.1,99.755,WP_261307172.1,100.0
WP_200535721,WP_323808049.1,97.222,WP_228712064.1,99.107
WP_200535721,WP_228710993.1,94.406,WP_228710992.1,100.0
WP_337086725,WP_323808049.1,97.222,WP_228712064.1,99.554
WP_337086725,WP_228710993.1,95.105,WP_228710992.1,100.0
WP_337086725,WP_228712067.1,86.486,WP_228712064.1,99.554
WP_118615440,WP_416388739.1,95.455,WP_119218706.1,86.747
WP_004426373,WP_307444937.1,99.02,WP_307444932.1,94.301
WP_004426373,WP_307444936.1,86.486,WP_307444932.1,94.301
WP_368462358,WP_366919652.1,94.595,WP_301696169.1,87.444
WP_368462358,WP_421666502.1,93.939,WP_301696169.1,87.444
WP_265935392,WP_425323302.1,89.362,WP_338241987.1,99.777
WP_159121403,WP_332606491.1,97.6,WP_332606490.1,95.395
WP_159121403,WP_260479442.1,100.0,WP_124065251.1,97.917
WP_159121403,WP_417064782.1,99.478,WP_232627577.1,96.56
WP_159121403,WP_124065253.1,96.104,WP_124065251.1,97.917
WP_159121403,WP_409240751.1,97.561,WP_124065251.1,97.917
WP_257725782,WP_228036025.1,86.486,WP_228023574.1,89.695
WP_257725782,WP_228023579.1,88.889,WP_228023574.1,89.695
WP_332442825,WP_226961205.1,98.901,WP_226961206.1,89.522
WP_021559847,WP_421666502.1,93.939,WP_301696169.1,85.817
WP_021559847,WP_366919652.1,94.595,WP_301696169.1,85.817
WP_001144731,WP_409997804.1,99.797,WP_261307172.1,100.0
WP_001144731,WP_410401005.1,100.0,WP_249509501.1,99.802
WP_122463737,WP_272881226.1,93.548,WP_284556596.1,92.549
WP_216350583,WP_410401005.1,100.0,WP_249509501.1,99.802
WP_216350583,WP_409997804.1,99.797,WP_261307172.1,100.0
WP_408882440,WP_228710993.1,95.105,WP_228710992.1,98.319
WP_317068639,WP_367239353.1,87.356,WP_239936011.1,86.26
WP_012774973,WP_226961205.1,100.0,WP_226961206.1,99.879
WP_124062342,WP_323808049.1,97.222,WP_228712064.1,99.554
WP_124062342,WP_228710993.1,95.105,WP_228710992.1,100.0
WP_124062342,WP_228712067.1,86.486,WP_228712064.1,99.554
WP_047050533,WP_421666502.1,93.939,WP_301696169.1,87.892
WP_047050533,WP_366919652.1,94.595,WP_301696169.1,87.892
WP_346802862,WP_165768430.1,98.701,WP_165768429.1,99.652
WP_346802862,WP_124065253.1,94.805,WP_124065251.1,95.833
WP_346802862,WP_332606491.1,95.2,WP_332606490.1,95.175
WP_346802862,WP_409240751.1,96.97,WP_124065251.1,95.833
WP_346802862,WP_124065257.1,94.34,WP_124065251.1,95.833
WP_346802862,WP_417064782.1,99.41,WP_232627577.1,95.492
WP_065772355,WP_228710993.1,95.105,WP_228710992.1,98.319
WP_201897035,WP_095758858.1,99.448,WP_095758857.1,90.566
WP_244429478,WP_249533827.1,100.0,WP_249533828.1,99.581
WP_244429478,WP_233433202.1,93.878,WP_233433203.1,91.734
WP_244429478,WP_255128775.1,85.714,WP_255128776.1,91.913
WP_284868366,WP_040366718.1,96.552,WP_007208429.1,95.628
WP_286632053,WP_272881226.1,96.774,WP_284556596.1,99.346
WP_232627595,WP_417064782.1,95.946,WP_232627577.1,99.881
WP_232627595,WP_124065253.1,100.0,WP_124065251.1,100.0
WP_232627595,WP_332606491.1,99.2,WP_332606490.1,99.342
WP_221686811,WP_410401005.1,100.0,WP_249509501.1,99.704
WP_221686811,WP_409997804.1,99.795,WP_261307172.1,100.0
WP_265503066,WP_019269577.1,97.531,WP_036428024.1,97.275
WP_265503066,WP_041159810.1,96.429,WP_230593178.1,91.199
WP_265503066,WP_045081927.1,92.857,WP_045081926.1,96.855
WP_265503066,WP_243728866.1,98.485,WP_243728867.1,93.333
WP_265503066,WP_019269578.1,94.643,WP_019269576.1,97.484
WP_208546926,WP_226961205.1,93.407,WP_226961206.1,86.675
WP_219720750,WP_323808049.1,97.222,WP_228712064.1,99.554
WP_219720750,WP_228710993.1,94.406,WP_228710992.1,100.0
WP_219720750,WP_228712067.1,86.486,WP_228712064.1,99.554
WP_172427015,WP_271342744.1,96.97,WP_271342745.1,99.624
WP_172427015,WP_333727762.1,100.0,WP_271342745.1,99.624
WP_055215827,WP_182430006.1,93.258,WP_118344937.1,93.719
WP_055215827,WP_119212774.1,86.486,WP_119212773.1,90.598
WP_055215827,WP_416388739.1,95.455,WP_119218706.1,93.373
WP_264974851,WP_258662729.1,90.155,WP_258662726.1,88.722
WP_264974851,WP_273681674.1,97.596,WP_273681675.1,88.8
WP_264974851,WP_043514340.1,99.194,WP_238580652.1,99.167
WP_264974851,WP_241194367.1,89.643,WP_241194368.1,86.432
WP_264974851,WP_285230769.1,98.558,WP_285230770.1,98.496
WP_264974851,WP_238580651.1,99.631,WP_238580652.1,99.167
WP_259272383,WP_228710993.1,94.406,WP_228710992.1,98.319
WP_136086446,WP_152692415.1,93.721,WP_049007989.1,87.273
WP_117822184,WP_416388739.1,95.455,WP_119218706.1,86.747
WP_279620791,WP_151388564.1,98.947,WP_052039259.1,100.0
WP_279620791,WP_162624697.1,99.487,WP_052039259.1,100.0
WP_279620791,WP_172952845.1,99.487,WP_099960298.1,100.0
WP_279620791,WP_120761052.1,96.104,WP_052039259.1,100.0
WP_279620791,WP_120761053.1,99.281,WP_052039259.1,100.0
WP_279620791,WP_035146712.1,100.0,WP_052039259.1,100.0
WP_279620791,WP_251950502.1,99.429,WP_350028107.1,100.0
WP_279620791,WP_162926701.1,99.18,WP_052039259.1,100.0
WP_114138886,WP_272881226.1,96.774,WP_284556596.1,89.744
WP_208377192,WP_110014917.1,93.496,WP_110014918.1,91.929
WP_395039524,WP_323808049.1,96.296,WP_228712064.1,99.554
WP_395039524,WP_228710993.1,95.105,WP_228710992.1,100.0
WP_169446114,WP_172076298.1,88.372,WP_408550008.1,87.658
WP_262943872,WP_409997804.1,99.797,WP_261307172.1,100.0
WP_262943872,WP_410401005.1,100.0,WP_249509501.1,99.802
WP_005845918,WP_124752490.1,93.75,WP_369073307.1,93.581
WP_228710589,WP_323808049.1,97.222,WP_228712064.1,99.554
WP_228710589,WP_228710993.1,95.105,WP_228710992.1,100.0
WP_228710589,WP_228712067.1,86.486,WP_228712064.1,99.554
WP_316364038,WP_143297696.1,96.939,WP_143297695.1,96.512
WP_316364038,WP_018713964.1,94.737,WP_018713963.1,96.512
WP_044713781,WP_421666502.1,93.939,WP_301696169.1,86.547
WP_044713781,WP_366919652.1,94.595,WP_301696169.1,86.547
WP_248947365,WP_410401005.1,100.0,WP_249509501.1,99.704
WP_248947365,WP_409997804.1,99.695,WP_261307172.1,100.0
WP_305218327,WP_409240751.1,97.561,WP_124065251.1,99.306
WP_305218327,WP_260479442.1,100.0,WP_124065251.1,99.306
WP_305218327,WP_124065253.1,100.0,WP_124065251.1,99.306
WP_305218327,WP_332606491.1,98.4,WP_332606490.1,99.342
WP_305218327,WP_417064782.1,100.0,WP_232627577.1,99.763
WP_139618852,WP_233433202.1,100.0,WP_233433203.1,100.0
WP_139618852,WP_255128775.1,91.837,WP_255128776.1,89.869
WP_139618852,WP_249533827.1,93.878,WP_249533828.1,91.237
WP_407027160,WP_040366718.1,96.552,WP_007208429.1,89.662
WP_161652932,WP_332606491.1,99.2,WP_332606490.1,99.342
WP_161652932,WP_417064782.1,85.294,WP_232627577.1,99.881
WP_161652932,WP_124065253.1,100.0,WP_124065251.1,100.0
WP_281082104,WP_260479442.1,100.0,WP_124065251.1,100.0
WP_281082104,WP_409240751.1,97.561,WP_124065251.1,100.0
WP_281082104,WP_124065253.1,98.701,WP_124065251.1,100.0
WP_281082104,WP_417064782.1,100.0,WP_232627577.1,99.644
WP_281082104,WP_332606491.1,99.2,WP_332606490.1,99.123
WP_308733331,WP_272881226.1,96.774,WP_284556596.1,99.346
WP_181211389,WP_409997804.1,99.894,WP_261307172.1,100.0
WP_181211389,WP_410401005.1,100.0,WP_249509501.1,99.896
WP_133318502,WP_124065253.1,98.701,WP_124065251.1,100.0
WP_133318502,WP_417064782.1,100.0,WP_232627577.1,99.644
WP_133318502,WP_409240751.1,97.561,WP_124065251.1,100.0
WP_133318502,WP_332606491.1,99.2,WP_332606490.1,99.123
WP_133318502,WP_260479442.1,97.059,WP_124065251.1,100.0
WP_262219578,WP_425323302.1,89.362,WP_338241987.1,99.888
WP_057072958,WP_332606491.1,96.0,WP_332606490.1,97.817
WP_057072958,WP_124065253.1,100.0,WP_124065251.1,97.222
WP_215715535,WP_182430006.1,86.517,WP_118344937.1,93.719
WP_215715535,WP_416388739.1,90.909,WP_119218706.1,94.578
WP_348270668,WP_409997804.1,99.898,WP_261307172.1,97.368
WP_171921991,WP_409997804.1,99.797,WP_261307172.1,100.0
WP_171921991,WP_410401005.1,100.0,WP_249509501.1,99.802
WP_227515271,WP_323808049.1,97.222,WP_228712064.1,99.554
WP_227515271,WP_228710993.1,95.105,WP_228710992.1,100.0
WP_227515271,WP_228712067.1,86.486,WP_228712064.1,99.554
WP_028120407,WP_410401005.1,99.587,WP_249509501.1,98.715
WP_028120407,WP_409997804.1,98.68,WP_261307172.1,99.627
WP_064690928,WP_312216037.1,86.782,WP_312216039.1,92.126
WP_233969931,WP_410401005.1,100.0,WP_249509501.1,99.605
WP_233969931,WP_409997804.1,99.594,WP_261307172.1,100.0
WP_332606489,WP_165768430.1,95.763,WP_165768429.1,96.454
WP_226134092,WP_410401005.1,100.0,WP_249509501.1,99.371
WP_226134092,WP_409997804.1,99.291,WP_261307172.1,100.0
WP_248076626,WP_421666502.1,90.909,WP_301696169.1,87.308
WP_248076626,WP_366919652.1,91.892,WP_301696169.1,87.308
WP_408880899,WP_421666502.1,96.97,WP_301696169.1,99.461
WP_408880899,WP_366919652.1,97.297,WP_301696169.1,99.461
WP_045081926,WP_243728866.1,98.485,WP_243728867.1,95.152
WP_227666605,WP_417064782.1,94.382,WP_232627577.1,99.881
WP_227666605,WP_332606491.1,99.2,WP_332606490.1,99.342
WP_227666605,WP_124065253.1,100.0,WP_124065251.1,100.0
WP_040469358,WP_113774492.1,95.556,WP_370738454.1,92.14
WP_040469358,WP_095669548.1,92.857,WP_095669547.1,93.147
WP_221018574,WP_332606491.1,99.2,WP_332606490.1,99.342
WP_221018574,WP_417064782.1,95.714,WP_232627577.1,99.763
WP_221018574,WP_124065253.1,100.0,WP_124065251.1,100.0
WP_230593178,WP_243728866.1,96.97,WP_243728867.1,93.976
WP_286595674,WP_228710993.1,93.706,WP_228710992.1,98.291
WP_286595674,WP_228712067.1,86.486,WP_228712064.1,98.214
WP_327027658,WP_165768430.1,95.763,WP_165768429.1,95.525
WP_110209334,WP_272881226.1,93.548,WP_284556596.1,92.418
WP_088137235,WP_366919652.1,94.595,WP_301696169.1,87.534
WP_088137235,WP_421666502.1,93.939,WP_301696169.1,87.534
WP_172870346,WP_069985718.1,99.625,WP_069985719.1,99.485
WP_407230818,WP_272881226.1,96.774,WP_284556596.1,99.346
WP_229264966,WP_323808049.1,97.222,WP_228712064.1,99.554
WP_229264966,WP_228710993.1,95.105,WP_228710992.1,100.0
WP_229264966,WP_228712067.1,86.486,WP_228712064.1,99.554
WP_131636128,WP_272881226.1,87.097,WP_284556596.1,85.077
WP_175566493,WP_409997804.1,98.782,WP_261307172.1,99.627
WP_175566493,WP_410401005.1,99.587,WP_249509501.1,98.814
WP_238330051,WP_040366718.1,96.552,WP_007208429.1,92.455
WP_250115252,WP_233433202.1,93.878,WP_233433203.1,91.935
WP_250115252,WP_249533827.1,100.0,WP_249533828.1,99.79
WP_250115252,WP_255128775.1,85.714,WP_255128776.1,92.11
WP_224275688,WP_069985718.1,88.91,WP_069985719.1,93.814
WP_108367858,WP_421666502.1,93.939,WP_301696169.1,87.713
WP_108367858,WP_366919652.1,94.595,WP_301696169.1,87.713
WP_222186204,WP_366919652.1,94.595,WP_301696169.1,87.354
WP_222186204,WP_421666502.1,93.939,WP_301696169.1,87.354
WP_016166036,WP_227554590.1,93.878,WP_227554673.1,91.453
WP_096836561,WP_425323302.1,89.362,WP_338241987.1,99.665
WP_347813926,WP_373879108.1,98.113,WP_096695397.1,100.0
WP_219714451,WP_069985718.1,99.719,WP_069985719.1,99.485
WP_226339348,WP_228712067.1,86.486,WP_228712064.1,99.554
WP_226339348,WP_323808049.1,97.222,WP_228712064.1,99.554
WP_226339348,WP_228710993.1,95.105,WP_228710992.1,100.0
WP_176686621,WP_410401005.1,100.0,WP_249509501.1,99.704
WP_176686621,WP_409997804.1,99.695,WP_261307172.1,100.0
WP_400313073,WP_366919652.1,91.892,WP_301696169.1,86.278
WP_400313073,WP_421666502.1,90.909,WP_301696169.1,86.278
WP_373859701,WP_228710993.1,92.754,WP_228710992.1,98.319
WP_251849809,WP_233433202.1,90.323,WP_233433203.1,87.755
WP_251849809,WP_249533827.1,87.097,WP_249533828.1,87.006
WP_249515314,WP_272881226.1,96.774,WP_284556596.1,98.174
WP_400350124,WP_272881226.1,87.097,WP_284556596.1,91.895
WP_394606984,WP_228710993.1,95.105,WP_228710992.1,95.833
WP_181590013,WP_069985718.1,99.812,WP_069985719.1,99.485
WP_203168226,WP_228710993.1,95.105,WP_228710992.1,98.319
WP_320431381,WP_260479442.1,100.0,WP_124065251.1,97.917
WP_320431381,WP_409240751.1,97.561,WP_124065251.1,97.917
WP_320431381,WP_417064782.1,99.739,WP_232627577.1,98.58
WP_320431381,WP_124065253.1,100.0,WP_124065251.1,97.917
WP_320431381,WP_332606491.1,96.8,WP_332606490.1,97.817
WP_340125809,WP_417064782.1,100.0,WP_232627577.1,99.881
WP_340125809,WP_124065253.1,100.0,WP_124065251.1,100.0
WP_340125809,WP_332606491.1,99.2,WP_332606490.1,99.342
WP_032733170,WP_272881226.1,93.548,WP_284556596.1,92.288
WP_237113177,WP_258662729.1,90.722,WP_258662726.1,89.95
WP_237113177,WP_238580651.1,100.0,WP_238580652.1,99.123
WP_237113177,WP_285230769.1,99.043,WP_285230770.1,98.995
WP_237113177,WP_273681674.1,98.086,WP_273681675.1,89.005
WP_237113177,WP_043514340.1,99.598,WP_238580652.1,99.123
WP_237113177,WP_241194367.1,90.036,WP_241194368.1,87.311
WP_204362517,WP_409997804.1,99.797,WP_261307172.1,100.0
WP_204362517,WP_410401005.1,100.0,WP_249509501.1,99.802
WP_169050784,WP_124065253.1,100.0,WP_124065251.1,100.0
WP_169050784,WP_332606491.1,99.2,WP_332606490.1,99.342
WP_277465709,WP_228710993.1,95.105,WP_228710992.1,100.0
WP_277465709,WP_228712067.1,86.486,WP_228712064.1,99.554
WP_011387484,WP_041159810.1,98.214,WP_230593178.1,100.0
WP_011387484,WP_019269578.1,96.429,WP_019269576.1,90.985
WP_011387484,WP_243728866.1,96.97,WP_243728867.1,93.976
WP_011387484,WP_045081927.1,94.643,WP_045081926.1,90.737
WP_011387484,WP_019269577.1,96.296,WP_036428024.1,90.776
WP_251849811,WP_272881226.1,93.548,WP_284556596.1,87.736
WP_331387339,WP_124065253.1,100.0,WP_124065251.1,100.0
WP_331387339,WP_332606491.1,99.2,WP_332606490.1,99.342
WP_262162178,WP_152692415.1,94.06,WP_049007989.1,89.908
WP_117251240,WP_332606491.1,99.2,WP_332606490.1,99.342
WP_117251240,WP_260479442.1,100.0,WP_124065251.1,100.0
WP_117251240,WP_409240751.1,97.561,WP_124065251.1,100.0
WP_117251240,WP_124065253.1,100.0,WP_124065251.1,100.0
WP_117251240,WP_417064782.1,100.0,WP_232627577.1,99.763
WP_172452267,WP_409997804.1,99.882,WP_261307172.1,100.0
WP_172452267,WP_410401005.1,100.0,WP_249509501.1,99.888
WP_400309017,WP_272881226.1,96.774,WP_284556596.1,89.673
WP_332868278,WP_417064782.1,88.889,WP_232627577.1,99.881
WP_332868278,WP_124065253.1,100.0,WP_124065251.1,100.0
WP_332868278,WP_332606491.1,99.2,WP_332606490.1,99.342
WP_227910661,WP_272881226.1,96.774,WP_284556596.1,99.477
WP_117022942,WP_272881226.1,93.548,WP_284556596.1,92.68
WP_065773256,WP_323808049.1,97.222,WP_228712064.1,99.554
WP_065773256,WP_228712067.1,86.486,WP_228712064.1,99.554
WP_065773256,WP_228710993.1,95.105,WP_228710992.1,100.0
WP_241098507,WP_238580651.1,87.5,WP_238580652.1,86.957
WP_241098507,WP_241194367.1,91.459,WP_241194368.1,89.973
WP_241098507,WP_258662729.1,93.814,WP_258662726.1,95.918
WP_241098507,WP_043514340.1,89.157,WP_238580652.1,86.957
WP_241098507,WP_273681674.1,90.431,WP_273681675.1,93.839
WP_241098507,WP_285230769.1,88.995,WP_285230770.1,86.947
WP_247163508,WP_409997804.1,99.797,WP_261307172.1,100.0
WP_247163508,WP_410401005.1,100.0,WP_249509501.1,99.802
WP_404855858,WP_417064782.1,98.261,WP_232627577.1,98.58
WP_404855858,WP_332606491.1,96.8,WP_332606490.1,97.817
WP_404855858,WP_124065253.1,100.0,WP_124065251.1,97.917
WP_093987474,WP_228710993.1,95.105,WP_228710992.1,98.319
WP_196615575,WP_409997804.1,99.797,WP_261307172.1,100.0
WP_196615575,WP_410401005.1,100.0,WP_249509501.1,99.704
WP_065772103,WP_228710993.1,95.105,WP_228710992.1,100.0
WP_349665052,WP_409997804.1,99.661,WP_261307172.1,93.75
WP_258962585,WP_272881226.1,93.548,WP_284556596.1,90.511
WP_265003197,WP_247095357.1,98.601,WP_247095355.1,100.0
WP_169513222,WP_228712067.1,86.486,WP_228712064.1,99.554
WP_169513222,WP_228710993.1,95.105,WP_228710992.1,100.0
WP_169513222,WP_323808049.1,97.222,WP_228712064.1,99.554
WP_176557544,WP_409997804.1,99.594,WP_261307172.1,100.0
WP_176557544,WP_410401005.1,100.0,WP_249509501.1,99.605
WP_205845250,WP_425323302.1,89.362,WP_338241987.1,99.777
WP_096996960,WP_255128775.1,85.714,WP_255128776.1,91.393
WP_096996960,WP_249533827.1,100.0,WP_249533828.1,99.672
WP_096996960,WP_233433202.1,93.878,WP_233433203.1,91.242
WP_408065193,WP_366919652.1,94.595,WP_301696169.1,85.381
WP_408065193,WP_421666502.1,93.939,WP_301696169.1,85.381
WP_408065193,WP_247095357.1,85.992,WP_247095355.1,86.957
WP_228477218,WP_226961205.1,100.0,WP_226961206.1,99.711
WP_252391305,WP_409997804.1,99.826,WP_261307172.1,100.0
WP_252391305,WP_410401005.1,100.0,WP_249509501.1,99.833
WP_394628124,WP_409997804.1,99.797,WP_261307172.1,100.0
WP_394628124,WP_410401005.1,100.0,WP_249509501.1,99.802
WP_021534945,WP_410401005.1,100.0,WP_249509501.1,99.802
WP_021534945,WP_409997804.1,99.797,WP_261307172.1,100.0
WP_261630093,WP_410401005.1,100.0,WP_249509501.1,99.604
WP_261630093,WP_409997804.1,99.898,WP_261307172.1,100.0
WP_208369769,WP_110014917.1,94.309,WP_110014918.1,94.993
WP_318817174,WP_226961205.1,100.0,WP_226961206.1,86.946
WP_247176985,WP_410401005.1,100.0,WP_249509501.1,99.802
WP_247176985,WP_409997804.1,99.797,WP_261307172.1,100.0
WP_241374247,WP_260479442.1,100.0,WP_124065251.1,100.0
WP_241374247,WP_417064782.1,100.0,WP_232627577.1,99.848
WP_241374247,WP_124065253.1,100.0,WP_124065251.1,100.0
WP_241374247,WP_409240751.1,97.561,WP_124065251.1,100.0
WP_241374247,WP_332606491.1,99.2,WP_332606490.1,100.0
WP_237158990,WP_409997804.1,99.659,WP_261307172.1,100.0
WP_237158990,WP_410401005.1,100.0,WP_249509501.1,99.681
WP_269317264,WP_332606491.1,99.2,WP_332606490.1,99.342
WP_269317264,WP_409240751.1,97.561,WP_124065251.1,100.0
WP_269317264,WP_260479442.1,97.059,WP_124065251.1,100.0
WP_269317264,WP_417064782.1,99.739,WP_232627577.1,99.881
WP_269317264,WP_124065253.1,100.0,WP_124065251.1,100.0
WP_203032329,WP_124065257.1,94.34,WP_124065251.1,95.833
WP_203032329,WP_260479442.1,94.118,WP_124065251.1,95.833
WP_203032329,WP_124065253.1,93.506,WP_124065251.1,95.833
WP_203032329,WP_165768430.1,98.701,WP_165768429.1,99.768
WP_203032329,WP_332606491.1,95.2,WP_332606490.1,95.395
WP_203032329,WP_417064782.1,98.956,WP_232627577.1,95.611
WP_203032329,WP_409240751.1,95.122,WP_124065251.1,95.833
WP_349633029,WP_410401005.1,99.174,WP_249509501.1,99.681
WP_349633029,WP_409997804.1,99.659,WP_261307172.1,99.296
WP_164840364,WP_332606491.1,99.2,WP_332606490.1,99.342
WP_164840364,WP_124065253.1,100.0,WP_124065251.1,100.0
WP_164840364,WP_417064782.1,89.13,WP_232627577.1,99.881
WP_136655222,WP_417064782.1,100.0,WP_232627577.1,99.763
WP_136655222,WP_124065253.1,100.0,WP_124065251.1,100.0
WP_136655222,WP_409240751.1,97.561,WP_124065251.1,100.0
WP_136655222,WP_332606491.1,99.2,WP_332606490.1,99.123
WP_136655222,WP_260479442.1,100.0,WP_124065251.1,100.0
WP_268602808,WP_272881226.1,96.774,WP_284556596.1,99.216
WP_251933974,WP_373879108.1,96.552,WP_096695397.1,99.49
WP_392440335,WP_152692415.1,94.824,WP_049007989.1,88.182
WP_069557547,WP_367239353.1,86.207,WP_239936011.1,90.84
WP_349251642,WP_409997804.1,99.898,WP_261307172.1,99.296
WP_349251642,WP_410401005.1,99.174,WP_249509501.1,99.901
WP_131186985,WP_425323302.1,89.362,WP_338241987.1,99.777
WP_236486712,WP_425323302.1,89.362,WP_338241987.1,99.888
WP_205594441,WP_272881226.1,87.097,WP_284556596.1,86.198
WP_001723031,WP_409997804.1,99.594,WP_261307172.1,100.0
WP_001723031,WP_410401005.1,100.0,WP_249509501.1,99.605
WP_247146909,WP_409997804.1,99.645,WP_261307172.1,100.0
WP_247146909,WP_410401005.1,100.0,WP_249509501.1,99.667
WP_235154195,WP_410401005.1,100.0,WP_249509501.1,98.814
WP_235154195,WP_409997804.1,98.782,WP_261307172.1,100.0
WP_216348389,WP_409997804.1,99.797,WP_261307172.1,100.0
WP_216348389,WP_410401005.1,100.0,WP_249509501.1,99.802
WP_137540006,WP_249533827.1,100.0,WP_249533828.1,100.0
WP_137540006,WP_233433202.1,93.878,WP_233433203.1,91.319
WP_137540006,WP_255128775.1,85.714,WP_255128776.1,91.652
WP_241091193,WP_241194367.1,91.429,WP_241194368.1,89.95
WP_241091193,WP_273681674.1,90.385,WP_273681675.1,94.4
WP_241091193,WP_258662729.1,93.782,WP_258662726.1,96.283
WP_181877452,WP_410401005.1,99.587,WP_249509501.1,98.715
WP_181877452,WP_409997804.1,98.68,WP_261307172.1,99.627
WP_277449982,WP_323808049.1,97.222,WP_228712064.1,99.554
WP_277449982,WP_228710993.1,95.105,WP_228710992.1,100.0
WP_277449982,WP_228712067.1,86.486,WP_228712064.1,99.554
WP_044693361,WP_226961205.1,95.604,WP_226961206.1,86.675
WP_210709120,WP_124065253.1,100.0,WP_124065251.1,100.0
WP_210709120,WP_332606491.1,99.2,WP_332606490.1,99.342
WP_323848557,WP_332606491.1,99.2,WP_332606490.1,99.342
WP_323848557,WP_417064782.1,100.0,WP_232627577.1,99.881
WP_323848557,WP_124065253.1,100.0,WP_124065251.1,100.0
WP_185775539,WP_332606491.1,96.8,WP_332606490.1,97.598
WP_185775539,WP_260479442.1,100.0,WP_124065251.1,97.917
WP_185775539,WP_417064782.1,99.739,WP_232627577.1,98.462
WP_185775539,WP_124065253.1,98.701,WP_124065251.1,97.917
WP_185775539,WP_409240751.1,97.561,WP_124065251.1,97.917
WP_170880458,WP_410401005.1,92.975,WP_249509501.1,86.166
WP_170880458,WP_409997804.1,85.787,WP_261307172.1,93.657
WP_114507568,WP_332606491.1,99.2,WP_332606490.1,99.342
WP_114507568,WP_417064782.1,99.739,WP_232627577.1,99.763
WP_114507568,WP_409240751.1,97.561,WP_124065251.1,100.0
WP_114507568,WP_124065253.1,100.0,WP_124065251.1,100.0
WP_114507568,WP_260479442.1,100.0,WP_124065251.1,100.0
WP_079905833,WP_152692415.1,95.394,WP_049007989.1,89.908
WP_317699291,WP_223246854.1,99.408,WP_223246853.1,99.648
WP_317699291,WP_281193273.1,100.0,WP_342672723.1,99.805
WP_317699291,WP_016357131.1,99.643,WP_016357129.1,99.757
WP_317699291,WP_261369487.1,99.408,WP_223246853.1,99.648
WP_311817023,WP_040366718.1,100.0,WP_007208429.1,92.695
WP_394606790,WP_228710993.1,95.105,WP_228710992.1,100.0
WP_394606790,WP_228712067.1,86.486,WP_228712064.1,99.554
WP_394606790,WP_323808049.1,97.222,WP_228712064.1,99.554
WP_349434238,WP_421666502.1,93.939,WP_301696169.1,87.982
WP_349434238,WP_366919652.1,94.595,WP_301696169.1,87.982
WP_246842274,WP_421666502.1,93.939,WP_301696169.1,85.526
WP_246842274,WP_366919652.1,94.595,WP_301696169.1,85.526
WP_181241439,WP_323808049.1,97.222,WP_228712064.1,99.107
WP_181241439,WP_228710993.1,95.105,WP_228710992.1,99.145
WP_181241439,WP_228712067.1,86.486,WP_228712064.1,99.107
WP_225596626,WP_040366718.1,96.552,WP_007208429.1,95.351
WP_140561723,WP_323808049.1,97.222,WP_228712064.1,99.554
WP_140561723,WP_228710993.1,95.105,WP_228710992.1,100.0
WP_140561723,WP_228712067.1,86.486,WP_228712064.1,99.554
WP_170915282,WP_410401005.1,93.802,WP_249509501.1,85.968
WP_170915282,WP_409997804.1,85.685,WP_261307172.1,94.03
WP_019186866,WP_004384057.1,95.161,WP_004384058.1,98.857
WP_019186866,WP_155813798.1,95.161,WP_004384058.1,98.857
WP_240994997,WP_258662729.1,93.782,WP_258662726.1,96.654
WP_240994997,WP_241194367.1,91.429,WP_241194368.1,90.452
WP_240994997,WP_273681674.1,90.385,WP_273681675.1,94.8
WP_327084353,WP_226961205.1,100.0,WP_226961206.1,99.758
WP_260513812,WP_421666502.1,93.939,WP_301696169.1,86.099
WP_260513812,WP_366919652.1,94.595,WP_301696169.1,86.099
WP_217324719,WP_124065253.1,100.0,WP_124065251.1,99.306
WP_217324719,WP_332606491.1,98.4,WP_332606490.1,99.342
WP_217324719,WP_417064782.1,100.0,WP_232627577.1,99.763
WP_217324719,WP_409240751.1,97.561,WP_124065251.1,99.306
WP_217324719,WP_260479442.1,100.0,WP_124065251.1,99.306
WP_061357199,WP_272881226.1,96.774,WP_284556596.1,99.346
WP_228730065,WP_410401005.1,100.0,WP_249509501.1,99.438
WP_228730065,WP_409997804.1,99.371,WP_261307172.1,100.0
WP_186238490,WP_409997804.1,99.887,WP_261307172.1,100.0
WP_186238490,WP_410401005.1,100.0,WP_249509501.1,99.89
WP_277460970,WP_228710993.1,95.105,WP_228710992.1,100.0
WP_277460970,WP_228712067.1,86.486,WP_228712064.1,99.554
WP_277460970,WP_323808049.1,97.222,WP_228712064.1,99.554
WP_255062500,WP_272881226.1,96.774,WP_284556596.1,99.346
WP_048228060,WP_272881226.1,96.774,WP_284556596.1,99.346
WP_409222345,WP_410401005.1,100.0,WP_249509501.1,99.802
WP_409222345,WP_409997804.1,99.797,WP_261307172.1,100.0
WP_224250614,WP_366919652.1,94.595,WP_301696169.1,87.085
WP_224250614,WP_421666502.1,93.939,WP_301696169.1,87.085
WP_318042167,WP_332606491.1,98.4,WP_332606490.1,99.342
WP_318042167,WP_417064782.1,100.0,WP_232627577.1,99.763
WP_318042167,WP_409240751.1,97.561,WP_124065251.1,99.306
WP_318042167,WP_124065253.1,100.0,WP_124065251.1,99.306
WP_318042167,WP_260479442.1,100.0,WP_124065251.1,99.306
WP_392360179,WP_255128775.1,89.796,WP_255128776.1,89.474
WP_392360179,WP_249533827.1,95.918,WP_249533828.1,95.763
WP_392360179,WP_233433202.1,97.959,WP_233433203.1,94.51
WP_046784161,WP_019269578.1,96.429,WP_019269576.1,90.776
WP_046784161,WP_243728866.1,96.97,WP_243728867.1,93.976
WP_046784161,WP_045081927.1,94.643,WP_045081926.1,90.526
WP_046784161,WP_041159810.1,98.214,WP_230593178.1,99.813
WP_046784161,WP_019269577.1,96.296,WP_036428024.1,90.566
WP_097593467,WP_425323302.1,89.362,WP_338241987.1,99.777
WP_032434699,WP_409240751.1,97.561,WP_124065251.1,100.0
WP_032434699,WP_332606491.1,99.2,WP_332606490.1,99.342
WP_032434699,WP_417064782.1,100.0,WP_232627577.1,99.881
WP_032434699,WP_124065253.1,100.0,WP_124065251.1,100.0
WP_032434699,WP_260479442.1,100.0,WP_124065251.1,100.0
WP_165708090,WP_272881226.1,87.097,WP_284556596.1,91.895
WP_041179092,WP_226961205.1,100.0,WP_226961206.1,99.758
WP_253263304,WP_040366718.1,96.552,WP_007208429.1,93.455
WP_223246853,WP_281193273.1,100.0,WP_342672723.1,99.511
WP_223246853,WP_016357131.1,100.0,WP_016357129.1,99.272
WP_404855401,WP_409997804.1,99.898,WP_261307172.1,99.083
WP_404855401,WP_410401005.1,98.985,WP_249509501.1,99.901
WP_117094331,WP_409240751.1,97.561,WP_124065251.1,100.0
WP_117094331,WP_124065253.1,100.0,WP_124065251.1,100.0
WP_117094331,WP_260479442.1,100.0,WP_124065251.1,100.0
WP_117094331,WP_417064782.1,100.0,WP_232627577.1,99.644
WP_117094331,WP_332606491.1,99.2,WP_332606490.1,99.123
WP_061300998,WP_152692415.1,94.843,WP_049007989.1,89.908
WP_226961206,WP_228475700.1,99.231,WP_228475701.1,99.664
WP_226961206,WP_239022530.1,98.529,WP_239022529.1,99.831
WP_226961206,WP_274758025.1,100.0,WP_349612002.1,99.796
WP_226961206,WP_228477217.1,99.67,WP_228477218.1,99.711
WP_258962584,WP_251849807.1,95.082,WP_251849809.1,85.774
WP_258962584,WP_409024342.1,98.113,WP_409024341.1,92.157
WP_258962584,WP_233433202.1,99.457,WP_233433203.1,98.305
WP_258962584,WP_255128775.1,95.109,WP_255128776.1,88.372
WP_258962584,WP_248841089.1,98.63,WP_248841087.1,90.947
WP_258962584,WP_353395127.1,98.63,WP_353395125.1,86.192
WP_258962584,WP_249533827.1,97.283,WP_249533828.1,91.919
WP_199353508,WP_410401005.1,100.0,WP_249509501.1,99.802
WP_199353508,WP_409997804.1,99.797,WP_261307172.1,100.0
WP_409024341,WP_272881226.1,96.774,WP_284556596.1,99.369
WP_097425800,WP_233433202.1,93.878,WP_233433203.1,91.379
WP_097425800,WP_255128775.1,85.714,WP_255128776.1,91.68
WP_097425800,WP_249533827.1,100.0,WP_249533828.1,100.0
WP_322873259,WP_425323302.1,89.362,WP_338241987.1,98.996
WP_241689015,WP_040366718.1,100.0,WP_007208429.1,87.0
WP_225389120,WP_409240751.1,95.122,WP_124065251.1,95.833
WP_225389120,WP_124065253.1,94.805,WP_124065251.1,95.833
WP_225389120,WP_332606491.1,95.2,WP_332606490.1,95.614
WP_225389120,WP_417064782.1,98.956,WP_232627577.1,95.73
WP_225389120,WP_165768430.1,98.701,WP_165768429.1,99.884
WP_225389120,WP_124065257.1,94.34,WP_124065251.1,95.833
WP_225389120,WP_260479442.1,94.118,WP_124065251.1,95.833
WP_394606905,WP_228710993.1,95.105,WP_228710992.1,98.319
WP_181876955,WP_069985718.1,99.812,WP_069985719.1,99.485
WP_064174929,WP_124065253.1,98.701,WP_124065251.1,100.0
WP_064174929,WP_417064782.1,100.0,WP_232627577.1,99.763
WP_064174929,WP_332606491.1,99.2,WP_332606490.1,99.123
WP_064174929,WP_409240751.1,97.561,WP_124065251.1,100.0
WP_064174929,WP_260479442.1,97.059,WP_124065251.1,100.0
WP_264972060,WP_421666502.1,93.939,WP_301696169.1,99.82
WP_264972060,WP_366919652.1,94.595,WP_301696169.1,99.82
WP_107318709,WP_228710993.1,95.105,WP_228710992.1,98.319
WP_152837078,WP_425323302.1,89.362,WP_338241987.1,98.772
WP_176168203,WP_410401005.1,93.802,WP_249509501.1,86.067
WP_176168203,WP_409997804.1,85.787,WP_261307172.1,94.03
WP_124040463,WP_332606491.1,99.167,WP_332606490.1,99.342
WP_124040463,WP_124065253.1,100.0,WP_124065251.1,100.0
WP_200524206,WP_409997804.1,99.797,WP_261307172.1,100.0
WP_200524206,WP_410401005.1,100.0,WP_249509501.1,99.802
WP_380189034,WP_260479442.1,96.97,WP_124065251.1,100.0
WP_380189034,WP_332606491.1,99.2,WP_332606490.1,99.342
WP_380189034,WP_409240751.1,97.561,WP_124065251.1,100.0
WP_380189034,WP_417064782.1,99.739,WP_232627577.1,99.881
WP_380189034,WP_124065253.1,100.0,WP_124065251.1,100.0
WP_271096029,WP_409997804.1,99.797,WP_261307172.1,100.0
WP_271096029,WP_410401005.1,100.0,WP_249509501.1,99.802
WP_259359064,WP_124065253.1,100.0,WP_124065251.1,100.0
WP_259359064,WP_332606491.1,99.2,WP_332606490.1,99.342
WP_340078439,WP_409997804.1,99.898,WP_261307172.1,100.0
WP_340078439,WP_410401005.1,100.0,WP_249509501.1,99.901
WP_367993333,WP_421666502.1,93.939,WP_301696169.1,87.803
WP_367993333,WP_366919652.1,94.595,WP_301696169.1,87.803
WP_170318072,WP_409997804.1,99.492,WP_261307172.1,100.0
WP_170318072,WP_410401005.1,100.0,WP_249509501.1,99.506
WP_269484000,WP_269490028.1,93.976,WP_269485197.1,97.983
WP_156293011,WP_272881226.1,96.774,WP_284556596.1,89.542
WP_180397331,WP_249533827.1,100.0,WP_249533828.1,99.827
WP_180397331,WP_255128775.1,85.714,WP_255128776.1,91.612
WP_180397331,WP_233433202.1,93.878,WP_233433203.1,90.787
WP_373555451,WP_247095357.1,94.89,WP_247095355.1,95.411
WP_274758026,WP_226961205.1,100.0,WP_226961206.1,99.625
WP_095669547,WP_113774492.1,100.0,WP_370738454.1,99.58
WP_353516489,WP_410401005.1,100.0,WP_249509501.1,99.888
WP_353516489,WP_409997804.1,99.886,WP_261307172.1,100.0
WP_318041159,WP_417064782.1,100.0,WP_232627577.1,99.763
WP_318041159,WP_332606491.1,99.2,WP_332606490.1,99.342
WP_318041159,WP_409240751.1,97.561,WP_124065251.1,100.0
WP_318041159,WP_124065253.1,100.0,WP_124065251.1,100.0
WP_318041159,WP_260479442.1,100.0,WP_124065251.1,100.0
WP_089634917,WP_425323302.1,89.362,WP_338241987.1,99.665
WP_117034245,WP_124065253.1,94.805,WP_124065251.1,95.833
WP_117034245,WP_260479442.1,94.118,WP_124065251.1,95.833
WP_117034245,WP_417064782.1,99.217,WP_232627577.1,95.611
WP_117034245,WP_409240751.1,95.122,WP_124065251.1,95.833
WP_117034245,WP_124065257.1,94.34,WP_124065251.1,95.833
WP_117034245,WP_165768430.1,98.701,WP_165768429.1,99.768
WP_117034245,WP_332606491.1,95.2,WP_332606490.1,95.395
WP_243823017,WP_272881226.1,93.548,WP_284556596.1,92.288
WP_241407768,WP_409997804.1,99.797,WP_261307172.1,100.0
WP_241407768,WP_410401005.1,100.0,WP_249509501.1,99.802
WP_349251982,WP_409997804.1,99.898,WP_261307172.1,99.333
WP_349251982,WP_410401005.1,99.225,WP_249509501.1,99.901
WP_326924969,WP_421666502.1,93.939,WP_301696169.1,87.354
WP_326924969,WP_366919652.1,94.595,WP_301696169.1,87.354
WP_170914565,WP_409997804.1,87.107,WP_261307172.1,94.03
WP_170914565,WP_410401005.1,93.388,WP_249509501.1,87.451
WP_394500600,WP_323808049.1,97.222,WP_228712064.1,99.554
WP_394500600,WP_228710993.1,95.105,WP_228710992.1,100.0
WP_394500600,WP_228712067.1,86.486,WP_228712064.1,99.554
WP_353580837,WP_165768430.1,95.763,WP_165768429.1,95.848
WP_194849435,WP_272881226.1,96.774,WP_284556596.1,99.346
WP_200074259,WP_332606491.1,99.2,WP_332606490.1,99.123
WP_200074259,WP_409240751.1,97.561,WP_124065251.1,100.0
WP_200074259,WP_260479442.1,100.0,WP_124065251.1,100.0
WP_200074259,WP_417064782.1,100.0,WP_232627577.1,99.763
WP_200074259,WP_124065253.1,100.0,WP_124065251.1,100.0
WP_001144735,WP_410401005.1,92.975,WP_249509501.1,86.265
WP_001144735,WP_409997804.1,85.888,WP_261307172.1,93.657
WP_244586515,WP_410401005.1,100.0,WP_249509501.1,98.077
WP_244586515,WP_409997804.1,97.059,WP_261307172.1,100.0
WP_198404329,WP_124752490.1,93.75,WP_369073307.1,92.905
WP_353520550,WP_410401005.1,99.587,WP_249509501.1,99.901
WP_353520550,WP_409997804.1,99.898,WP_261307172.1,99.627
WP_181567430,WP_409997804.1,99.695,WP_261307172.1,100.0
WP_181567430,WP_410401005.1,100.0,WP_249509501.1,99.704
WP_044005417,WP_095758858.1,90.055,WP_095758857.1,88.412
WP_259652724,WP_069985718.1,100.0,WP_069985719.1,99.485
WP_371333752,WP_272881226.1,96.774,WP_284556596.1,94.087
WP_200041655,WP_421666502.1,93.939,WP_301696169.1,85.83
WP_200041655,WP_366919652.1,94.595,WP_301696169.1,85.83
WP_396614616,WP_271342744.1,96.97,WP_271342745.1,99.652
WP_396614616,WP_333727762.1,100.0,WP_271342745.1,99.652
WP_242449220,WP_366919652.1,97.297,WP_301696169.1,95.96
WP_242449220,WP_421666502.1,96.97,WP_301696169.1,95.96
WP_368102412,WP_432281161.1,94.737,WP_138297004.1,85.586
WP_375846971,WP_421666502.1,93.939,WP_301696169.1,87.354
WP_375846971,WP_366919652.1,94.595,WP_301696169.1,87.354
WP_305200074,WP_069985718.1,99.906,WP_069985719.1,99.485
WP_258075881,WP_040366718.1,100.0,WP_007208429.1,99.038
WP_261161298,WP_421666502.1,93.939,WP_301696169.1,86.099
WP_261161298,WP_366919652.1,94.595,WP_301696169.1,86.099
WP_265496313,WP_041159810.1,92.857,WP_230593178.1,92.537
WP_265496313,WP_019269578.1,94.643,WP_019269576.1,97.495
WP_265496313,WP_019269577.1,93.75,WP_036428024.1,97.286
WP_265496313,WP_045081927.1,92.857,WP_045081926.1,96.868
WP_265496313,WP_243728866.1,98.485,WP_243728867.1,93.373
WP_243045640,WP_366919652.1,94.595,WP_301696169.1,85.644
WP_243045640,WP_421666502.1,93.939,WP_301696169.1,85.644
WP_249942391,WP_409997804.1,99.391,WP_261307172.1,99.254
WP_249942391,WP_410401005.1,100.0,WP_249509501.1,99.407
WP_170995639,WP_409997804.1,98.579,WP_261307172.1,99.627
WP_170995639,WP_410401005.1,99.587,WP_249509501.1,98.617
WP_332679050,WP_332606491.1,99.2,WP_332606490.1,99.228
WP_332679050,WP_124065253.1,100.0,WP_124065251.1,100.0
WP_353524257,WP_410401005.1,100.0,WP_249509501.1,99.605
WP_353524257,WP_409997804.1,99.594,WP_261307172.1,100.0
WP_201992565,WP_228036025.1,95.455,WP_228023574.1,99.099
WP_201992565,WP_228023579.1,97.436,WP_228023574.1,99.099
WP_096936100,WP_425323302.1,89.362,WP_338241987.1,99.777
WP_024402395,WP_434999535.1,98.788,WP_341775342.1,100.0
WP_001144733,WP_409997804.1,99.797,WP_261307172.1,100.0
WP_001144733,WP_410401005.1,100.0,WP_249509501.1,99.802
WP_228709504,WP_417064782.1,100.0,WP_232627577.1,95.0
WP_394469545,WP_228710993.1,95.105,WP_228710992.1,98.319
WP_179123691,WP_409997804.1,85.787,WP_261307172.1,93.284
WP_179123691,WP_410401005.1,92.562,WP_249509501.1,86.166
WP_284241428,WP_409240751.1,95.122,WP_124065251.1,95.139
WP_284241428,WP_124065253.1,94.805,WP_124065251.1,95.139
WP_284241428,WP_124065257.1,92.453,WP_124065251.1,95.139
WP_284241428,WP_165768430.1,100.0,WP_165768429.1,99.884
WP_284241428,WP_417064782.1,99.217,WP_232627577.1,95.492
WP_284241428,WP_332606491.1,94.4,WP_332606490.1,95.614
WP_284241428,WP_260479442.1,94.118,WP_124065251.1,95.139
WP_316894616,WP_258662729.1,93.151,WP_258662726.1,91.935
WP_316894616,WP_273681674.1,88.362,WP_273681675.1,88.372
WP_097414149,WP_272881226.1,96.774,WP_284556596.1,99.234
WP_115501475,WP_272881226.1,96.774,WP_284556596.1,88.235
WP_044061684,WP_409997804.1,99.797,WP_261307172.1,100.0
WP_044061684,WP_410401005.1,100.0,WP_249509501.1,99.802
WP_259637667,WP_410401005.1,100.0,WP_249509501.1,99.704
WP_259637667,WP_409997804.1,99.695,WP_261307172.1,100.0
WP_186962252,WP_228710993.1,95.105,WP_228710992.1,100.0
WP_186962252,WP_228712067.1,86.486,WP_228712064.1,99.554
WP_186962252,WP_323808049.1,97.222,WP_228712064.1,99.554
WP_204163318,WP_409997804.1,99.833,WP_261307172.1,100.0
WP_204163318,WP_410401005.1,100.0,WP_249509501.1,99.839
WP_242781012,WP_124065257.1,94.34,WP_124065251.1,95.833
WP_242781012,WP_417064782.1,99.217,WP_232627577.1,95.492
WP_242781012,WP_409240751.1,95.122,WP_124065251.1,95.833
WP_242781012,WP_124065253.1,94.805,WP_124065251.1,95.833
WP_242781012,WP_165768430.1,98.701,WP_165768429.1,99.652
WP_242781012,WP_332606491.1,95.2,WP_332606490.1,95.175
WP_242781012,WP_260479442.1,94.118,WP_124065251.1,95.833
WP_119225658,WP_416388739.1,95.455,WP_119218706.1,99.398
WP_119225658,WP_119212774.1,93.243,WP_119212773.1,100.0
WP_065801005,WP_260479442.1,100.0,WP_124065251.1,100.0
WP_065801005,WP_124065253.1,100.0,WP_124065251.1,100.0
WP_065801005,WP_417064782.1,100.0,WP_232627577.1,99.763
WP_065801005,WP_409240751.1,97.561,WP_124065251.1,100.0
WP_065801005,WP_332606491.1,99.2,WP_332606490.1,99.342
WP_115465647,WP_272881226.1,96.774,WP_284556596.1,88.366
WP_205014335,WP_226961205.1,97.802,WP_226961206.1,86.795
WP_013852862,WP_261369487.1,99.408,WP_223246853.1,99.824
WP_013852862,WP_281193273.1,100.0,WP_342672723.1,99.903
WP_013852862,WP_223246854.1,99.408,WP_223246853.1,99.824
WP_013852862,WP_016357131.1,100.0,WP_016357129.1,99.757
WP_304519902,WP_228023579.1,100.0,WP_228023574.1,98.403
WP_289883608,WP_226961205.1,100.0,WP_226961206.1,99.86
WP_116362339,WP_272881226.1,87.097,WP_284556596.1,92.026
WP_210850864,WP_272881226.1,87.097,WP_284556596.1,90.077
WP_274803560,WP_410401005.1,100.0,WP_249509501.1,95.0
WP_394606452,WP_228710993.1,95.105,WP_228710992.1,98.319
WP_237990502,WP_409997804.1,99.797,WP_261307172.1,100.0
WP_237990502,WP_410401005.1,100.0,WP_249509501.1,99.802
WP_020078153,WP_228710993.1,95.105,WP_228710992.1,100.0
WP_020078153,WP_228712067.1,86.486,WP_228712064.1,99.554
WP_020078153,WP_323808049.1,97.222,WP_228712064.1,99.554
WP_342706873,WP_421666502.1,96.97,WP_301696169.1,99.551
WP_342706873,WP_366919652.1,97.297,WP_301696169.1,99.551
WP_101705289,WP_366919652.1,94.595,WP_301696169.1,87.982
WP_101705289,WP_421666502.1,93.939,WP_301696169.1,87.982
WP_097409326,WP_425323302.1,89.362,WP_338241987.1,99.777
WP_117109324,WP_260479442.1,100.0,WP_124065251.1,99.306
WP_117109324,WP_332606491.1,98.4,WP_332606490.1,99.342
WP_117109324,WP_417064782.1,100.0,WP_232627577.1,99.644
WP_117109324,WP_124065253.1,100.0,WP_124065251.1,99.306
WP_117109324,WP_409240751.1,97.561,WP_124065251.1,99.306
WP_252382616,WP_409997804.1,100.0,WP_261307172.1,100.0
WP_040214404,WP_332606491.1,99.2,WP_332606490.1,99.342
WP_040214404,WP_417064782.1,96.124,WP_232627577.1,99.881
WP_040214404,WP_124065253.1,100.0,WP_124065251.1,100.0
WP_119127139,WP_069985718.1,99.906,WP_069985719.1,99.485
WP_350502055,WP_410401005.1,96.552,WP_249509501.1,86.667
WP_105282360,WP_272881226.1,96.774,WP_284556596.1,99.346
WP_251258109,WP_410401005.1,100.0,WP_249509501.1,99.862
WP_251258109,WP_409997804.1,99.859,WP_261307172.1,100.0
WP_367670805,WP_228710993.1,95.105,WP_228710992.1,98.319
WP_261255673,WP_152692415.1,85.562,WP_049007989.1,88.991
WP_332679199,WP_332606491.1,99.2,WP_332606490.1,99.342
WP_332679199,WP_124065253.1,100.0,WP_124065251.1,100.0
WP_367294504,WP_373879108.1,94.545,WP_096695397.1,99.49
WP_188028209,WP_069985718.1,99.719,WP_069985719.1,99.485
WP_140044722,WP_249533827.1,100.0,WP_249533828.1,100.0
WP_140044722,WP_255128775.1,85.714,WP_255128776.1,91.924
WP_140044722,WP_233433202.1,93.878,WP_233433203.1,91.434
WP_284923873,WP_260479442.1,94.118,WP_124065251.1,95.833
WP_284923873,WP_417064782.1,99.217,WP_232627577.1,95.73
WP_284923873,WP_409240751.1,95.122,WP_124065251.1,95.833
WP_284923873,WP_124065257.1,94.34,WP_124065251.1,95.833
WP_284923873,WP_124065253.1,94.805,WP_124065251.1,95.833
WP_284923873,WP_165768430.1,98.701,WP_165768429.1,99.768
WP_284923873,WP_332606491.1,95.2,WP_332606490.1,95.614
WP_117085420,WP_228710993.1,95.105,WP_228710992.1,100.0
WP_117085420,WP_228712067.1,86.486,WP_228712064.1,99.554
WP_117085420,WP_323808049.1,97.222,WP_228712064.1,99.554
WP_142984997,WP_332606491.1,98.571,WP_332606490.1,100.0
WP_145586832,WP_421666502.1,93.939,WP_301696169.1,85.381
WP_145586832,WP_247095357.1,85.992,WP_247095355.1,86.957
WP_145586832,WP_366919652.1,94.595,WP_301696169.1,85.381
WP_016265246,WP_373879108.1,96.552,WP_096695397.1,98.98
WP_394520777,WP_228710993.1,95.105,WP_228710992.1,98.319
WP_250110846,WP_409997804.1,99.778,WP_261307172.1,100.0
WP_250110846,WP_410401005.1,100.0,WP_249509501.1,99.277
WP_205246975,WP_409997804.1,98.579,WP_261307172.1,99.627
WP_205246975,WP_410401005.1,99.587,WP_249509501.1,98.617
WP_170973680,WP_409997804.1,99.492,WP_261307172.1,100.0
WP_170973680,WP_410401005.1,100.0,WP_249509501.1,99.506
WP_176210974,WP_410401005.1,99.587,WP_249509501.1,98.715
WP_176210974,WP_409997804.1,98.68,WP_261307172.1,99.627
WP_232035931,WP_040366718.1,96.552,WP_007208429.1,86.182
WP_254681156,WP_151388564.1,100.0,WP_052039259.1,100.0
WP_254681156,WP_162624697.1,100.0,WP_052039259.1,100.0
WP_254681156,WP_120761052.1,96.104,WP_052039259.1,100.0
WP_254681156,WP_162926701.1,100.0,WP_052039259.1,100.0
WP_254681156,WP_120761053.1,100.0,WP_052039259.1,100.0
WP_254681156,WP_035146712.1,100.0,WP_052039259.1,100.0
WP_254681156,WP_251950502.1,99.714,WP_350028107.1,100.0
WP_254681156,WP_172952845.1,100.0,WP_099960298.1,100.0
WP_267200225,WP_249533827.1,100.0,WP_249533828.1,100.0
WP_267200225,WP_255128775.1,85.714,WP_255128776.1,91.667
WP_267200225,WP_233433202.1,93.878,WP_233433203.1,91.028
WP_064765931,WP_409997804.1,97.143,WP_261307172.1,100.0
WP_064765931,WP_410401005.1,100.0,WP_249509501.1,95.556
WP_252368114,WP_409997804.1,99.065,WP_261307172.1,100.0
WP_252368114,WP_410401005.1,100.0,WP_249509501.1,99.2
WP_270281460,WP_040366718.1,100.0,WP_007208429.1,85.327
WP_242647603,WP_409997804.1,99.797,WP_261307172.1,100.0
WP_242647603,WP_410401005.1,100.0,WP_249509501.1,99.704
WP_202847757,WP_409997804.1,99.695,WP_261307172.1,100.0
WP_202847757,WP_410401005.1,100.0,WP_249509501.1,99.704
WP_407245475,WP_417064782.1,100.0,WP_232627577.1,99.881
WP_407245475,WP_332606491.1,99.2,WP_332606490.1,99.342
WP_407245475,WP_124065253.1,100.0,WP_124065251.1,100.0
WP_172410570,WP_272881226.1,96.774,WP_284556596.1,99.346
WP_323733866,WP_272881226.1,96.774,WP_284556596.1,97.647
WP_065810061,WP_409240751.1,97.561,WP_124065251.1,100.0
WP_065810061,WP_124065253.1,100.0,WP_124065251.1,100.0
WP_065810061,WP_260479442.1,100.0,WP_124065251.1,100.0
WP_065810061,WP_417064782.1,100.0,WP_232627577.1,99.763
WP_065810061,WP_332606491.1,99.2,WP_332606490.1,99.123
WP_338321817,WP_373879108.1,98.182,WP_096695397.1,100.0
WP_162758590,WP_152692415.1,92.593,WP_049007989.1,89.908
WP_239637978,WP_409997804.1,99.898,WP_261307172.1,100.0
WP_239637978,WP_410401005.1,100.0,WP_249509501.1,99.901
WP_285276603,WP_425323302.1,87.234,WP_338241987.1,93.617
WP_238969398,WP_124065253.1,100.0,WP_124065251.1,100.0
WP_238969398,WP_332606491.1,99.2,WP_332606490.1,99.342
WP_087588798,WP_124065253.1,100.0,WP_124065251.1,100.0
WP_087588798,WP_332606491.1,99.2,WP_332606490.1,99.342
WP_238710064,WP_226961205.1,90.11,WP_226961206.1,99.879
WP_227013147,WP_274758025.1,100.0,WP_349612002.1,99.744
WP_227013147,WP_228475700.1,99.231,WP_228475701.1,99.5
WP_227013147,WP_239022530.1,98.529,WP_239022529.1,99.797
WP_227013147,WP_228477217.1,99.67,WP_228477218.1,99.597
WP_231530261,WP_409997804.1,99.659,WP_261307172.1,100.0
WP_231530261,WP_410401005.1,100.0,WP_249509501.1,99.681
WP_257645346,WP_272881226.1,87.097,WP_284556596.1,90.337
WP_244591735,WP_272881226.1,96.774,WP_284556596.1,98.799
WP_332679047,WP_165768430.1,95.763,WP_165768429.1,95.69
WP_253180042,WP_409997804.1,98.985,WP_261307172.1,100.0
WP_253180042,WP_410401005.1,100.0,WP_249509501.1,99.012
WP_323087927,WP_069985718.1,88.626,WP_069985719.1,93.814
WP_407251314,WP_417064782.1,100.0,WP_232627577.1,94.118
WP_261310674,WP_233433202.1,93.878,WP_233433203.1,91.734
WP_261310674,WP_249533827.1,100.0,WP_249533828.1,99.581
WP_261310674,WP_255128775.1,85.714,WP_255128776.1,91.913
WP_118141597,WP_416388739.1,95.455,WP_119218706.1,87.349
WP_118141597,WP_182430006.1,94.382,WP_118344937.1,93.97
WP_326286388,WP_421666502.1,93.939,WP_301696169.1,87.156
WP_326286388,WP_366919652.1,94.595,WP_301696169.1,87.156
WP_263059207,WP_247095357.1,85.16,WP_247095355.1,86.957
WP_001144732,WP_410401005.1,100.0,WP_249509501.1,99.901
WP_001144732,WP_409997804.1,99.898,WP_261307172.1,100.0
WP_201356797,WP_410401005.1,100.0,WP_249509501.1,99.802
WP_201356797,WP_409997804.1,99.797,WP_261307172.1,100.0
WP_244591734,WP_255128775.1,85.714,WP_255128776.1,90.83
WP_244591734,WP_249533827.1,100.0,WP_249533828.1,100.0
WP_244591734,WP_233433202.1,93.878,WP_233433203.1,92.202
WP_097748978,WP_272881226.1,96.774,WP_284556596.1,99.346
WP_126287453,WP_333727762.1,100.0,WP_271342745.1,99.567
WP_126287453,WP_271342744.1,96.97,WP_271342745.1,99.567
WP_349087056,WP_432281161.1,94.737,WP_138297004.1,85.586
WP_285706664,WP_040366718.1,96.552,WP_007208429.1,86.182
WP_114500429,WP_366919652.1,97.297,WP_301696169.1,99.551
WP_114500429,WP_421666502.1,96.97,WP_301696169.1,99.551
WP_311752783,WP_233433202.1,93.878,WP_233433203.1,95.202
WP_311752783,WP_255128775.1,87.755,WP_255128776.1,91.872
WP_311752783,WP_249533827.1,89.796,WP_249533828.1,93.103
WP_246863463,WP_410401005.1,100.0,WP_249509501.1,99.401
WP_246863463,WP_409997804.1,99.329,WP_261307172.1,100.0
WP_333954075,WP_228710993.1,95.105,WP_228710992.1,98.319
WP_322973493,WP_409997804.1,99.797,WP_261307172.1,99.296
WP_322973493,WP_410401005.1,99.174,WP_249509501.1,99.802
WP_147362800,WP_416388739.1,95.455,WP_119218706.1,97.516
WP_149781699,WP_417064782.1,99.739,WP_232627577.1,99.881
WP_149781699,WP_124065253.1,100.0,WP_124065251.1,100.0
WP_149781699,WP_260479442.1,97.059,WP_124065251.1,100.0
WP_149781699,WP_332606491.1,99.2,WP_332606490.1,99.342
WP_149781699,WP_409240751.1,97.561,WP_124065251.1,100.0
WP_187576388,WP_124065253.1,100.0,WP_124065251.1,100.0
WP_187576388,WP_332606491.1,99.2,WP_332606490.1,99.342
WP_322396468,WP_228710993.1,95.105,WP_228710992.1,100.0
WP_322396468,WP_228712067.1,86.486,WP_228712064.1,99.554
WP_322396468,WP_323808049.1,97.222,WP_228712064.1,99.554
WP_161649391,WP_417064782.1,99.739,WP_232627577.1,99.881
WP_161649391,WP_124065253.1,100.0,WP_124065251.1,100.0
WP_161649391,WP_409240751.1,97.561,WP_124065251.1,100.0
WP_161649391,WP_260479442.1,97.059,WP_124065251.1,100.0
WP_161649391,WP_332606491.1,99.2,WP_332606490.1,99.342
WP_301688583,WP_260479442.1,100.0,WP_124065251.1,100.0
WP_301688583,WP_417064782.1,100.0,WP_232627577.1,99.763
WP_301688583,WP_124065253.1,100.0,WP_124065251.1,100.0
WP_301688583,WP_409240751.1,97.561,WP_124065251.1,100.0
WP_301688583,WP_332606491.1,99.2,WP_332606490.1,99.342
WP_131341027,WP_152692415.1,95.748,WP_049007989.1,93.578
WP_185723220,WP_409997804.1,99.695,WP_261307172.1,100.0
WP_185723220,WP_410401005.1,100.0,WP_249509501.1,99.704
WP_226196623,WP_409997804.1,99.797,WP_261307172.1,100.0
WP_226196623,WP_410401005.1,100.0,WP_249509501.1,99.802
WP_080459486,WP_225370225.1,98.507,WP_225370228.1,100.0
WP_080459486,WP_225370226.1,100.0,WP_225370228.1,100.0
WP_080459486,WP_225370229.1,99.237,WP_225370228.1,100.0
WP_409226388,WP_409997804.1,99.797,WP_261307172.1,100.0
WP_409226388,WP_410401005.1,100.0,WP_249509501.1,99.802
WP_225379887,WP_410401005.1,100.0,WP_249509501.1,99.407
WP_225379887,WP_409997804.1,99.391,WP_261307172.1,100.0
WP_248841087,WP_272881226.1,96.774,WP_284556596.1,98.514
WP_262256915,WP_410401005.1,100.0,WP_249509501.1,99.704
WP_262256915,WP_409997804.1,99.695,WP_261307172.1,100.0
WP_394605972,WP_228710993.1,95.652,WP_228710992.1,98.319
WP_102059840,WP_228712067.1,86.486,WP_228712064.1,99.554
WP_102059840,WP_228710993.1,95.105,WP_228710992.1,100.0
WP_102059840,WP_323808049.1,97.222,WP_228712064.1,99.554
WP_236923979,WP_165768430.1,98.701,WP_165768429.1,99.884
WP_236923979,WP_124065253.1,94.805,WP_124065251.1,95.833
WP_236923979,WP_332606491.1,95.2,WP_332606490.1,95.614
WP_236923979,WP_409240751.1,95.122,WP_124065251.1,95.833
WP_236923979,WP_417064782.1,99.217,WP_232627577.1,95.73
WP_236923979,WP_124065257.1,94.34,WP_124065251.1,95.833
WP_236923979,WP_260479442.1,94.118,WP_124065251.1,95.833
WP_174491340,WP_410401005.1,100.0,WP_249509501.1,99.012
WP_174491340,WP_409997804.1,98.985,WP_261307172.1,100.0
WP_149781865,WP_228710993.1,95.105,WP_228710992.1,100.0
WP_392487071,WP_409997804.1,86.294,WP_261307172.1,94.03
WP_392487071,WP_410401005.1,93.388,WP_249509501.1,86.66
WP_109232707,WP_247095357.1,99.882,WP_247095355.1,100.0
WP_228296296,WP_366919652.1,97.297,WP_301696169.1,99.461
WP_228296296,WP_421666502.1,96.97,WP_301696169.1,99.461
WP_015310566,WP_124752490.1,93.75,WP_369073307.1,93.581
WP_302147252,WP_432281161.1,94.737,WP_138297004.1,85.586
WP_228709038,WP_409997804.1,99.371,WP_261307172.1,100.0
WP_228709038,WP_410401005.1,100.0,WP_249509501.1,99.441
WP_284318428,WP_425323302.1,89.362,WP_338241987.1,99.665
WP_176142865,WP_409997804.1,99.695,WP_261307172.1,100.0
WP_176142865,WP_410401005.1,100.0,WP_249509501.1,99.704
WP_249533828,WP_272881226.1,96.774,WP_284556596.1,99.244
WP_313652124,WP_152692415.1,95.394,WP_049007989.1,88.991
WP_045361418,WP_323808049.1,97.222,WP_228712064.1,99.554
WP_045361418,WP_228710993.1,95.105,WP_228710992.1,100.0
WP_045361418,WP_228712067.1,86.486,WP_228712064.1,99.554
WP_241223930,WP_410401005.1,100.0,WP_249509501.1,99.042
WP_241223930,WP_409997804.1,98.983,WP_261307172.1,100.0
WP_368459775,WP_410401005.1,100.0,WP_249509501.1,99.704
WP_368459775,WP_409997804.1,99.695,WP_261307172.1,100.0
WP_229233425,WP_040366718.1,100.0,WP_007208429.1,87.217
WP_032453752,WP_366919652.1,94.595,WP_301696169.1,87.892
WP_032453752,WP_421666502.1,93.939,WP_301696169.1,87.892
WP_253990845,WP_323808049.1,97.222,WP_228712064.1,99.554
WP_253990845,WP_228710993.1,95.105,WP_228710992.1,100.0
WP_253990845,WP_228712067.1,86.486,WP_228712064.1,99.554
WP_342672723,WP_223246854.1,99.408,WP_223246853.1,99.511
WP_342672723,WP_016357131.1,100.0,WP_016357129.1,99.602
WP_342672723,WP_261369487.1,99.408,WP_223246853.1,99.511
WP_223270485,WP_281193273.1,100.0,WP_342672723.1,99.291
WP_325798121,WP_366919652.1,94.595,WP_301696169.1,87.354
WP_325798121,WP_421666502.1,93.939,WP_301696169.1,87.354
WP_245394175,WP_249533827.1,95.918,WP_249533828.1,89.379
WP_245394175,WP_255128775.1,89.796,WP_255128776.1,91.107
WP_245394175,WP_233433202.1,97.959,WP_233433203.1,93.347
WP_256769287,WP_228710993.1,95.105,WP_228710992.1,100.0
WP_256769287,WP_228712067.1,86.486,WP_228712064.1,99.554
WP_256769287,WP_323808049.1,97.222,WP_228712064.1,99.554
WP_201479184,WP_425323302.1,89.362,WP_338241987.1,99.777
WP_277839544,WP_228477217.1,99.67,WP_228477218.1,99.574
WP_277839544,WP_274758025.1,100.0,WP_349612002.1,99.735
WP_277839544,WP_239022530.1,98.529,WP_239022529.1,99.791
WP_277839544,WP_228475700.1,99.231,WP_228475701.1,99.465
WP_279458711,WP_228036025.1,86.486,WP_228023574.1,89.695
WP_279458711,WP_228023579.1,88.889,WP_228023574.1,89.695
WP_080028409,WP_425323302.1,89.362,WP_338241987.1,99.777
WP_248902140,WP_409997804.1,99.797,WP_261307172.1,100.0
WP_248902140,WP_410401005.1,100.0,WP_249509501.1,99.802
WP_108433334,WP_421666502.1,90.909,WP_301696169.1,86.59
WP_108433334,WP_366919652.1,91.892,WP_301696169.1,86.59
WP_333720143,WP_040366718.1,96.552,WP_007208429.1,91.573
WP_252384634,WP_410401005.1,100.0,WP_249509501.1,99.901
WP_252384634,WP_409997804.1,99.898,WP_261307172.1,100.0
WP_310573195,WP_373879108.1,96.552,WP_096695397.1,98.98
WP_053901448,WP_272881226.1,96.774,WP_284556596.1,99.319
WP_199901126,WP_410401005.1,100.0,WP_249509501.1,99.875
WP_199901126,WP_409997804.1,99.872,WP_261307172.1,100.0
WP_107320995,WP_323808049.1,97.222,WP_228712064.1,99.554
WP_107320995,WP_228710993.1,95.105,WP_228710992.1,100.0
WP_107320995,WP_228712067.1,86.486,WP_228712064.1,99.554
WP_353580838,WP_409240751.1,97.561,WP_124065251.1,99.32
WP_353580838,WP_417064782.1,100.0,WP_232627577.1,99.59
WP_353580838,WP_260479442.1,100.0,WP_124065251.1,99.32
WP_260831789,WP_152692415.1,94.597,WP_049007989.1,89.908
WP_202688260,WP_260479442.1,100.0,WP_124065251.1,100.0
WP_202688260,WP_124065253.1,100.0,WP_124065251.1,100.0
WP_202688260,WP_417064782.1,100.0,WP_232627577.1,99.644
WP_202688260,WP_409240751.1,97.561,WP_124065251.1,100.0
WP_202688260,WP_332606491.1,99.2,WP_332606490.1,99.123
WP_305222780,WP_260479442.1,97.059,WP_124065251.1,100.0
WP_305222780,WP_417064782.1,99.739,WP_232627577.1,99.881
WP_305222780,WP_124065253.1,100.0,WP_124065251.1,100.0
WP_305222780,WP_409240751.1,97.561,WP_124065251.1,100.0
WP_305222780,WP_332606491.1,99.2,WP_332606490.1,99.342
WP_172907112,WP_410401005.1,100.0,WP_249509501.1,99.704
WP_172907112,WP_409997804.1,99.695,WP_261307172.1,100.0
WP_337092676,WP_228710993.1,95.105,WP_228710992.1,100.0
WP_337092676,WP_228712067.1,86.486,WP_228712064.1,99.554
WP_337092676,WP_323808049.1,97.222,WP_228712064.1,99.554
WP_065791085,WP_228710993.1,95.105,WP_228710992.1,98.319
WP_198070814,WP_228710993.1,95.105,WP_228710992.1,100.0
WP_069067313,WP_425323302.1,89.362,WP_338241987.1,99.888
WP_271237039,WP_230577283.1,97.403,WP_230577281.1,95.052
WP_119218706,WP_119212774.1,100.0,WP_119212773.1,99.145
WP_250376678,WP_409997804.1,99.738,WP_261307172.1,100.0
WP_250376678,WP_410401005.1,100.0,WP_249509501.1,99.75
WP_199212461,WP_409997804.1,99.797,WP_261307172.1,100.0
WP_199212461,WP_410401005.1,100.0,WP_249509501.1,99.802
WP_228477420,WP_239022530.1,98.529,WP_239022529.1,99.811
WP_228477420,WP_274758025.1,100.0,WP_349612002.1,99.766
WP_228477420,WP_228477217.1,99.67,WP_228477218.1,99.648
WP_228477420,WP_228475700.1,99.231,WP_228475701.1,99.576
WP_353395123,WP_272881226.1,93.548,WP_284556596.1,87.736
WP_154911401,WP_323808049.1,97.222,WP_228712064.1,98.661
WP_154911401,WP_228710993.1,94.406,WP_228710992.1,99.145
WP_011533953,WP_367239353.1,85.057,WP_239936011.1,90.84
WP_172906558,WP_409997804.1,99.391,WP_261307172.1,99.627
WP_172906558,WP_410401005.1,99.587,WP_249509501.1,99.407
WP_097478955,WP_255128775.1,85.714,WP_255128776.1,91.793
WP_097478955,WP_249533827.1,100.0,WP_249533828.1,100.0
WP_097478955,WP_233433202.1,93.878,WP_233433203.1,91.499
WP_130166568,WP_285220741.1,100.0,WP_285220742.1,99.72
WP_289180276,WP_366919652.1,94.595,WP_301696169.1,87.354
WP_289180276,WP_421666502.1,93.939,WP_301696169.1,87.354
WP_314695798,WP_004384057.1,97.541,WP_004384058.1,98.977
WP_314695798,WP_155813798.1,97.541,WP_004384058.1,98.977
WP_249534032,WP_410401005.1,100.0,WP_249509501.1,98.734
WP_249534032,WP_409997804.1,99.659,WP_261307172.1,100.0
WP_394606532,WP_228710993.1,95.105,WP_228710992.1,98.319
WP_104015023,WP_228023579.1,88.889,WP_228023574.1,89.26
WP_104015023,WP_228036025.1,86.486,WP_228023574.1,89.26
WP_261307172,WP_410401005.1,100.0,WP_249509501.1,93.75
WP_311819670,WP_040366718.1,100.0,WP_007208429.1,89.119
WP_252081503,WP_272881226.1,96.774,WP_284556596.1,89.346
WP_232627577,WP_332606491.1,99.2,WP_332606490.1,99.342
WP_232627577,WP_124065253.1,100.0,WP_124065251.1,100.0
WP_313071547,WP_272881226.1,93.548,WP_284556596.1,88.105
WP_275375985,WP_152692415.1,94.951,WP_049007989.1,89.908
WP_097506137,WP_272881226.1,96.774,WP_284556596.1,99.17
WP_256924886,WP_040366718.1,100.0,WP_007208429.1,99.818
WP_176557940,WP_409997804.1,99.845,WP_261307172.1,100.0
WP_176557940,WP_410401005.1,100.0,WP_249509501.1,99.849
WP_187512259,WP_312216037.1,86.782,WP_312216039.1,92.388
WP_276398740,WP_272881226.1,96.774,WP_284556596.1,99.216
WP_170930870,WP_409997804.1,99.797,WP_261307172.1,100.0
WP_170930870,WP_410401005.1,100.0,WP_249509501.1,99.802
WP_331395166,WP_247095357.1,94.83,WP_247095355.1,96.135
WP_369443301,WP_272881226.1,90.323,WP_284556596.1,90.816
WP_349446298,WP_272881226.1,90.323,WP_284556596.1,92.157
WP_227170876,WP_366919652.1,94.595,WP_301696169.1,85.727
WP_227170876,WP_421666502.1,93.939,WP_301696169.1,85.727
WP_224230658,WP_069985718.1,89.1,WP_069985719.1,93.814
WP_097296176,WP_425323302.1,89.362,WP_338241987.1,99.777
WP_214051588,WP_272881226.1,90.323,WP_284556596.1,88.969
WP_208487661,WP_410401005.1,100.0,WP_249509501.1,99.889
WP_208487661,WP_409997804.1,99.886,WP_261307172.1,100.0
WP_102090000,WP_228710993.1,95.105,WP_228710992.1,98.319
WP_230334552,WP_434999535.1,98.182,WP_341775342.1,99.602
WP_003773355,WP_261369487.1,99.408,WP_223246853.1,99.648
WP_003773355,WP_223246854.1,99.408,WP_223246853.1,99.648
WP_003773355,WP_281193273.1,100.0,WP_342672723.1,99.805
WP_003773355,WP_016357131.1,99.643,WP_016357129.1,99.757
WP_227523594,WP_421666502.1,96.97,WP_301696169.1,99.416
WP_227523594,WP_366919652.1,97.297,WP_301696169.1,99.416
WP_109745864,WP_366919652.1,94.595,WP_301696169.1,87.265
WP_109745864,WP_421666502.1,93.939,WP_301696169.1,87.265
WP_264968274,WP_421666502.1,96.97,WP_301696169.1,99.372
WP_264968274,WP_366919652.1,97.297,WP_301696169.1,99.372
WP_233129549,WP_409997804.1,99.797,WP_261307172.1,100.0
WP_233129549,WP_410401005.1,100.0,WP_249509501.1,99.802
WP_278319728,WP_373879108.1,96.552,WP_096695397.1,98.469
WP_032440245,WP_323808049.1,97.222,WP_228712064.1,99.554
WP_032440245,WP_228710993.1,95.105,WP_228710992.1,100.0
WP_032440245,WP_228712067.1,86.486,WP_228712064.1,99.554
WP_240787279,WP_226961205.1,91.209,WP_226961206.1,99.758
WP_145517111,WP_172076298.1,92.029,WP_408550008.1,86.943
WP_252093937,WP_425323302.1,89.362,WP_338241987.1,99.574
WP_194840983,WP_409997804.1,99.695,WP_261307172.1,100.0
WP_194840983,WP_410401005.1,100.0,WP_249509501.1,99.704
WP_203259513,WP_323808049.1,97.222,WP_228712064.1,99.554
WP_203259513,WP_228710993.1,95.105,WP_228710992.1,100.0
WP_203259513,WP_228712067.1,86.486,WP_228712064.1,99.554
WP_240995859,WP_258662729.1,93.264,WP_258662726.1,96.654
WP_240995859,WP_241194367.1,91.071,WP_241194368.1,90.452
WP_240995859,WP_273681674.1,89.904,WP_273681675.1,94.8
WP_161636153,WP_228712067.1,86.486,WP_228712064.1,99.554
WP_161636153,WP_323808049.1,97.222,WP_228712064.1,99.554
WP_161636153,WP_228710993.1,95.105,WP_228710992.1,100.0
WP_237997724,WP_425323302.1,89.362,WP_338241987.1,99.665
WP_153065552,WP_160318667.1,94.937,WP_152971561.1,99.687
WP_064114836,WP_228710993.1,95.105,WP_228710992.1,100.0
WP_064114836,WP_228712067.1,86.486,WP_228712064.1,99.554
WP_064114836,WP_323808049.1,97.222,WP_228712064.1,99.554
WP_320769106,WP_075555432.1,100.0,WP_234970788.1,99.2
WP_130986883,WP_366919652.1,94.595,WP_301696169.1,85.278
WP_130986883,WP_421666502.1,93.939,WP_301696169.1,85.278
WP_316502083,WP_366919652.1,94.595,WP_301696169.1,88.251
WP_316502083,WP_421666502.1,93.939,WP_301696169.1,88.251
WP_228475701,WP_226961205.1,100.0,WP_226961206.1,99.664
WP_200781392,WP_323808049.1,97.222,WP_228712064.1,99.554
WP_200781392,WP_228712067.1,86.486,WP_228712064.1,99.554
WP_200781392,WP_228710993.1,95.105,WP_228710992.1,100.0
WP_318390549,WP_272881226.1,90.323,WP_284556596.1,93.693
WP_130999679,WP_272881226.1,93.548,WP_284556596.1,92.418
WP_014917208,WP_226961205.1,100.0,WP_226961206.1,99.758
WP_104460386,WP_417064782.1,91.525,WP_232627577.1,99.881
WP_104460386,WP_124065253.1,100.0,WP_124065251.1,100.0
WP_104460386,WP_332606491.1,99.2,WP_332606490.1,99.342
WP_265011770,WP_272881226.1,96.774,WP_284556596.1,97.647
WP_238641094,WP_069985718.1,99.625,WP_069985719.1,98.969
WP_176240820,WP_409997804.1,99.188,WP_261307172.1,100.0
WP_176240820,WP_410401005.1,100.0,WP_249509501.1,99.209
WP_172949737,WP_409997804.1,99.797,WP_261307172.1,100.0
WP_172949737,WP_410401005.1,100.0,WP_249509501.1,99.802
WP_311237969,WP_272881226.1,96.774,WP_284556596.1,99.346
WP_353891324,WP_373879108.1,96.552,WP_096695397.1,99.49
WP_371330349,WP_272881226.1,96.774,WP_284556596.1,94.087
WP_396085763,WP_410401005.1,100.0,WP_249509501.1,99.012
WP_396085763,WP_409997804.1,98.985,WP_261307172.1,100.0
WP_343075868,WP_417064782.1,100.0,WP_232627577.1,99.881
WP_343075868,WP_124065253.1,100.0,WP_124065251.1,100.0
WP_343075868,WP_332606491.1,99.2,WP_332606490.1,99.342
WP_311040696,WP_410401005.1,100.0,WP_249509501.1,94.286
WP_255343086,WP_261801536.1,88.889,WP_147607111.1,90.196
WP_256786839,WP_410401005.1,100.0,WP_249509501.1,99.704
WP_256786839,WP_409997804.1,99.695,WP_261307172.1,100.0
WP_259272204,WP_249533827.1,93.878,WP_249533828.1,92.453
WP_259272204,WP_233433202.1,100.0,WP_233433203.1,99.798
WP_259272204,WP_255128775.1,91.837,WP_255128776.1,91.124
WP_368241399,WP_040366718.1,96.552,WP_007208429.1,94.0
WP_284868196,WP_302351208.1,92.51,WP_302351210.1,91.549
WP_284868196,WP_261801536.1,99.539,WP_147607111.1,99.059
WP_109615013,WP_366919652.1,94.595,WP_301696169.1,87.354
WP_109615013,WP_421666502.1,93.939,WP_301696169.1,87.354
WP_142959613,WP_040366718.1,96.552,WP_007208429.1,92.455
WP_226199426,WP_410401005.1,100.0,WP_249509501.1,99.704
WP_226199426,WP_409997804.1,99.695,WP_261307172.1,100.0
WP_176556738,WP_409997804.1,99.898,WP_261307172.1,99.627
WP_176556738,WP_410401005.1,99.587,WP_249509501.1,99.901
WP_243052653,WP_409997804.1,99.086,WP_261307172.1,99.627
WP_243052653,WP_410401005.1,100.0,WP_249509501.1,99.111
WP_016541629,WP_228267262.1,90.722,WP_228267261.1,86.111
WP_209392441,WP_409997804.1,99.188,WP_261307172.1,100.0
WP_209392441,WP_410401005.1,100.0,WP_249509501.1,99.209
WP_147718904,WP_272881226.1,96.774,WP_284556596.1,99.216
WP_108476386,WP_425323302.1,87.234,WP_338241987.1,86.034
WP_108476386,WP_152692415.1,90.877,WP_049007989.1,89.908
WP_226474262,WP_373879108.1,96.552,WP_096695397.1,99.49
WP_103468415,WP_272881226.1,96.774,WP_284556596.1,99.216
WP_277836438,WP_226961205.1,100.0,WP_226961206.1,99.758
WP_253891988,WP_124065253.1,100.0,WP_124065251.1,100.0
WP_253891988,WP_260479442.1,100.0,WP_124065251.1,100.0
WP_253891988,WP_417064782.1,100.0,WP_232627577.1,99.763
WP_253891988,WP_332606491.1,99.2,WP_332606490.1,99.342
WP_253891988,WP_409240751.1,97.561,WP_124065251.1,100.0
WP_277887387,WP_409997804.1,99.882,WP_261307172.1,100.0
WP_277887387,WP_410401005.1,100.0,WP_249509501.1,99.886
WP_001278661,WP_272881226.1,96.774,WP_284556596.1,99.477
WP_142447028,WP_421666502.1,93.939,WP_301696169.1,87.354
WP_142447028,WP_366919652.1,94.595,WP_301696169.1,87.354
WP_322398373,WP_040366718.1,96.552,WP_007208429.1,93.455
WP_231841201,WP_410401005.1,100.0,WP_249509501.1,98.157
WP_231841201,WP_409997804.1,99.476,WP_261307172.1,100.0
WP_143297694,WP_269490028.1,94.03,WP_269485197.1,99.135
WP_110215114,WP_272881226.1,93.548,WP_284556596.1,97.386
WP_195817091,WP_425323302.1,87.234,WP_338241987.1,87.039
WP_195817091,WP_152692415.1,90.292,WP_049007989.1,87.156
WP_210579360,WP_124065253.1,100.0,WP_124065251.1,100.0
WP_210579360,WP_332606491.1,99.2,WP_332606490.1,99.342
WP_097416313,WP_255128775.1,85.714,WP_255128776.1,91.612
WP_097416313,WP_249533827.1,100.0,WP_249533828.1,100.0
WP_097416313,WP_233433202.1,93.878,WP_233433203.1,90.787
WP_407259628,WP_421666502.1,90.909,WP_301696169.1,86.59
WP_407259628,WP_366919652.1,91.892,WP_301696169.1,86.59
WP_172948505,WP_410401005.1,100.0,WP_249509501.1,99.111
WP_172948505,WP_409997804.1,99.086,WP_261307172.1,100.0
WP_044308066,WP_367239353.1,85.057,WP_239936011.1,90.84
WP_311040388,WP_425323302.1,89.362,WP_338241987.1,99.777
WP_311847658,WP_040366718.1,100.0,WP_007208429.1,92.714
WP_102084251,WP_323808049.1,97.222,WP_228712064.1,99.554
WP_102084251,WP_228710993.1,95.105,WP_228710992.1,100.0
WP_102084251,WP_228712067.1,86.486,WP_228712064.1,99.554
WP_366984376,WP_410401005.1,100.0,WP_249509501.1,99.894
WP_366984376,WP_409997804.1,99.891,WP_261307172.1,100.0
WP_085455720,WP_272881226.1,96.774,WP_284556596.1,99.34
WP_349511316,WP_409997804.1,99.797,WP_261307172.1,100.0
WP_349511316,WP_410401005.1,100.0,WP_249509501.1,99.802
WP_180963368,WP_271342744.1,96.97,WP_271342745.1,99.653
WP_180963368,WP_333727762.1,100.0,WP_271342745.1,99.653
WP_337037195,WP_312216037.1,86.782,WP_312216039.1,92.388
WP_192480796,WP_272881226.1,93.548,WP_284556596.1,90.327
WP_367169289,WP_425323302.1,89.362,WP_338241987.1,99.777
WP_231539654,WP_228710993.1,95.105,WP_228710992.1,100.0
WP_231539654,WP_228712067.1,86.486,WP_228712064.1,99.554
WP_231539654,WP_323808049.1,97.222,WP_228712064.1,99.554
WP_057191852,WP_228710993.1,95.105,WP_228710992.1,98.319
WP_227627404,WP_332606491.1,99.2,WP_332606490.1,99.342
WP_227627404,WP_124065253.1,100.0,WP_124065251.1,100.0
WP_263131913,WP_272881226.1,96.774,WP_284556596.1,99.085
WP_284556596,WP_233433202.1,93.878,WP_233433203.1,90.693
WP_284556596,WP_249533827.1,100.0,WP_249533828.1,99.244
WP_284556596,WP_255128775.1,85.714,WP_255128776.1,91.413
WP_014636229,WP_226961205.1,91.209,WP_226961206.1,99.879
WP_262187849,WP_124065253.1,94.805,WP_124065251.1,95.833
WP_262187849,WP_417064782.1,100.0,WP_232627577.1,95.73
WP_262187849,WP_165768430.1,98.701,WP_165768429.1,99.884
WP_262187849,WP_124065257.1,94.34,WP_124065251.1,95.833
WP_262187849,WP_332606491.1,95.2,WP_332606490.1,95.614
WP_205258594,WP_409997804.1,99.797,WP_261307172.1,100.0
WP_205258594,WP_410401005.1,100.0,WP_249509501.1,99.802
WP_238969791,WP_228710993.1,95.105,WP_228710992.1,98.319
WP_216348523,WP_409997804.1,99.797,WP_261307172.1,100.0
WP_216348523,WP_410401005.1,100.0,WP_249509501.1,99.802
WP_185191085,WP_425323302.1,89.362,WP_338241987.1,99.78
WP_044750024,WP_226961205.1,100.0,WP_226961206.1,99.758
WP_096839114,WP_425323302.1,89.362,WP_338241987.1,99.665
WP_165768429,WP_124065253.1,94.805,WP_124065251.1,95.833
WP_165768429,WP_332606491.1,95.2,WP_332606490.1,95.614
WP_165768429,WP_124065257.1,92.453,WP_124065251.1,95.833
WP_001542068,WP_409997804.1,99.898,WP_261307172.1,100.0
WP_001542068,WP_410401005.1,100.0,WP_249509501.1,99.901
WP_247152052,WP_410401005.1,99.048,WP_249509501.1,98.333
WP_247152052,WP_409997804.1,98.598,WP_261307172.1,99.134
WP_097512494,WP_425323302.1,89.362,WP_338241987.1,99.107
WP_094365749,WP_373879108.1,96.552,WP_096695397.1,99.49
WP_235082454,WP_272881226.1,93.333,WP_284556596.1,96.471
WP_181048191,WP_409997804.1,99.882,WP_261307172.1,100.0
WP_181048191,WP_410401005.1,100.0,WP_249509501.1,99.885
WP_211196987,WP_409997804.1,99.797,WP_261307172.1,100.0
WP_211196987,WP_410401005.1,100.0,WP_249509501.1,99.802
WP_225392419,WP_425323302.1,89.362,WP_338241987.1,98.795
WP_001357426,WP_421666502.1,93.939,WP_301696169.1,85.907
WP_001357426,WP_366919652.1,94.595,WP_301696169.1,85.907
WP_181482045,WP_272881226.1,96.774,WP_284556596.1,97.647
WP_228477421,WP_226961205.1,100.0,WP_226961206.1,97.619
WP_046952374,WP_409997804.1,99.797,WP_261307172.1,100.0
WP_046952374,WP_410401005.1,100.0,WP_249509501.1,99.802
WP_206356488,WP_410401005.1,100.0,WP_249509501.1,99.802
WP_206356488,WP_409997804.1,99.797,WP_261307172.1,100.0
WP_279867939,WP_272881226.1,93.548,WP_284556596.1,89.412
WP_262033023,WP_272881226.1,96.774,WP_284556596.1,89.412
WP_263895512,WP_255128775.1,85.714,WP_255128776.1,91.482
WP_263895512,WP_249533827.1,100.0,WP_249533828.1,99.822
WP_263895512,WP_233433202.1,93.878,WP_233433203.1,90.893
WP_222689632,WP_410401005.1,93.802,WP_249509501.1,87.253
WP_222689632,WP_409997804.1,87.107,WP_261307172.1,94.403
WP_124741036,WP_425323302.1,89.362,WP_338241987.1,99.777
WP_036428024,WP_243728866.1,98.485,WP_243728867.1,93.939
WP_258041197,WP_258662729.1,94.064,WP_258662726.1,91.935
WP_258041197,WP_273681674.1,89.224,WP_273681675.1,88.372
WP_336846345,WP_152692415.1,94.595,WP_049007989.1,89.091
WP_101827569,WP_421666502.1,96.97,WP_301696169.1,99.641
WP_101827569,WP_366919652.1,97.297,WP_301696169.1,99.641
WP_049040710,WP_421666502.1,93.939,WP_301696169.1,87.444
WP_049040710,WP_366919652.1,94.595,WP_301696169.1,87.444
WP_318428132,WP_247095357.1,85.437,WP_247095355.1,86.957
WP_175418760,WP_425323302.1,89.362,WP_338241987.1,99.888
WP_352516386,WP_323808049.1,97.222,WP_228712064.1,99.554
WP_352516386,WP_228710993.1,95.105,WP_228710992.1,100.0
WP_352516386,WP_228712067.1,86.486,WP_228712064.1,99.554
WP_001727761,WP_421666502.1,93.939,WP_301696169.1,87.713
WP_001727761,WP_366919652.1,94.595,WP_301696169.1,87.713
WP_252385678,WP_409997804.1,99.898,WP_261307172.1,100.0
WP_239022529,WP_226961205.1,100.0,WP_226961206.1,99.831
WP_019968930,WP_004384057.1,97.541,WP_004384058.1,98.977
WP_019968930,WP_155813798.1,97.541,WP_004384058.1,98.977
WP_024379047,WP_226961205.1,100.0,WP_226961206.1,99.758
WP_407218355,WP_233433202.1,93.878,WP_233433203.1,91.935
WP_407218355,WP_249533827.1,100.0,WP_249533828.1,99.79
WP_407218355,WP_255128775.1,85.714,WP_255128776.1,92.11
WP_404999138,WP_409997804.1,99.898,WP_261307172.1,99.627
WP_404999138,WP_410401005.1,99.587,WP_249509501.1,99.901
WP_274294687,WP_367239353.1,89.655,WP_239936011.1,89.313
WP_032241071,WP_272881226.1,96.774,WP_284556596.1,99.216
WP_373857347,WP_247095357.1,95.166,WP_247095355.1,95.411
WP_233324485,WP_409997804.1,99.797,WP_261307172.1,100.0
WP_233324485,WP_410401005.1,100.0,WP_249509501.1,99.802
WP_227910269,WP_410401005.1,100.0,WP_249509501.1,87.778
WP_227910269,WP_409997804.1,89.394,WP_261307172.1,100.0
WP_139531028,WP_228710993.1,94.406,WP_228710992.1,100.0
WP_139531028,WP_323808049.1,97.222,WP_228712064.1,99.107
WP_276357374,WP_410401005.1,99.587,WP_249509501.1,98.814
WP_276357374,WP_409997804.1,98.782,WP_261307172.1,99.627
WP_312152684,WP_272881226.1,93.548,WP_284556596.1,88.235
WP_247168704,WP_410401005.1,100.0,WP_249509501.1,99.704
WP_247168704,WP_409997804.1,99.695,WP_261307172.1,100.0
WP_049010654,WP_069985718.1,89.005,WP_069985719.1,93.814
WP_236550136,WP_040366718.1,100.0,WP_007208429.1,87.035
WP_228972247,WP_272881226.1,93.548,WP_284556596.1,91.176
WP_192841203,WP_410401005.1,99.587,WP_249509501.1,98.913
WP_192841203,WP_409997804.1,98.883,WP_261307172.1,99.627
WP_256137181,WP_409997804.1,98.144,WP_261307172.1,100.0
WP_256137181,WP_410401005.1,100.0,WP_249509501.1,98.218
WP_261289657,WP_272881226.1,96.774,WP_284556596.1,98.571
WP_100279070,WP_323808049.1,97.222,WP_228712064.1,99.554
WP_100279070,WP_228710993.1,95.105,WP_228710992.1,100.0
WP_100279070,WP_228712067.1,86.486,WP_228712064.1,99.554
WP_394479982,WP_228710993.1,95.105,WP_228710992.1,98.319
WP_346720336,WP_410401005.1,100.0,WP_249509501.1,99.802
WP_346720336,WP_409997804.1,99.797,WP_261307172.1,100.0
WP_284317496,WP_165768430.1,98.936,WP_165768429.1,99.048
WP_170982610,WP_409997804.1,99.797,WP_261307172.1,100.0
WP_170982610,WP_410401005.1,100.0,WP_249509501.1,99.802
WP_062913612,WP_069985718.1,98.405,WP_069985719.1,97.938
WP_251361768,WP_410401005.1,100.0,WP_249509501.1,99.801
WP_251361768,WP_409997804.1,99.797,WP_261307172.1,100.0
WP_243810409,WP_272881226.1,96.774,WP_284556596.1,93.421
WP_182250397,WP_069985718.1,99.906,WP_069985719.1,99.485
WP_274802806,WP_409997804.1,99.893,WP_261307172.1,100.0
WP_274802806,WP_410401005.1,100.0,WP_249509501.1,99.895
WP_276376830,WP_410401005.1,100.0,WP_249509501.1,99.704
WP_276376830,WP_409997804.1,99.695,WP_261307172.1,100.0
WP_317699064,WP_281193273.1,100.0,WP_342672723.1,99.511
WP_317699064,WP_016357131.1,100.0,WP_016357129.1,99.272
WP_060619499,WP_366919652.1,94.595,WP_301696169.1,100.0
WP_060619499,WP_421666502.1,93.939,WP_301696169.1,100.0
WP_097426660,WP_425323302.1,89.362,WP_338241987.1,98.4
WP_116156163,WP_272881226.1,87.097,WP_284556596.1,91.895
WP_211775806,WP_272881226.1,93.548,WP_284556596.1,90.984
WP_122422091,WP_367239353.1,86.207,WP_239936011.1,88.55
WP_238526511,WP_226961205.1,91.209,WP_226961206.1,99.879
WP_238971859,WP_228710993.1,95.105,WP_228710992.1,98.319
WP_254468867,WP_367239353.1,87.356,WP_239936011.1,90.076
WP_173818491,WP_069985718.1,91.28,WP_069985719.1,94.845
WP_311752782,WP_272881226.1,90.323,WP_284556596.1,87.5
WP_325094070,WP_227554590.1,96.939,WP_227554673.1,85.043
WP_117143544,WP_421666502.1,96.97,WP_301696169.1,99.551
WP_117143544,WP_366919652.1,97.297,WP_301696169.1,99.551
WP_213855181,WP_409997804.1,99.797,WP_261307172.1,100.0
WP_213855181,WP_410401005.1,100.0,WP_249509501.1,99.802
WP_322635331,WP_160318667.1,94.937,WP_152971561.1,99.383
WP_338190322,WP_262274643.1,99.479,WP_262274642.1,99.283
WP_338190322,WP_262274644.1,97.872,WP_262274642.1,99.283
WP_252703959,WP_040366718.1,100.0,WP_007208429.1,92.909
WP_118283223,WP_272881226.1,93.548,WP_284556596.1,92.941
WP_267442623,WP_228710993.1,94.406,WP_228710992.1,97.521
WP_228710024,WP_228710993.1,95.105,WP_228710992.1,98.319
WP_371861458,WP_373879108.1,98.182,WP_096695397.1,100.0
WP_320886302,WP_366919652.1,94.595,WP_301696169.1,88.161
WP_320886302,WP_421666502.1,93.939,WP_301696169.1,88.161
WP_407233328,WP_272881226.1,96.774,WP_284556596.1,99.477
WP_265504468,WP_334199238.1,96.364,WP_265579380.1,98.466
WP_265504468,WP_409231146.1,98.592,WP_265493734.1,99.08
WP_265504468,WP_409231152.1,98.592,WP_265503875.1,97.546
WP_240534263,WP_409997804.1,99.898,WP_261307172.1,99.254
WP_240534263,WP_410401005.1,100.0,WP_249509501.1,99.901
WP_100970212,WP_373879108.1,96.552,WP_096695397.1,99.49
WP_038480291,WP_272881226.1,87.097,WP_284556596.1,92.904
WP_176557374,WP_409997804.1,99.863,WP_261307172.1,100.0
WP_176557374,WP_410401005.1,100.0,WP_249509501.1,99.867
WP_230490741,WP_366919652.1,94.595,WP_301696169.1,87.265
WP_230490741,WP_421666502.1,93.939,WP_301696169.1,87.265
WP_261167511,WP_233433202.1,89.796,WP_233433203.1,90.553
WP_261167511,WP_255128775.1,93.878,WP_255128776.1,91.608
WP_023148495,WP_410401005.1,100.0,WP_249509501.1,99.89
WP_023148495,WP_409997804.1,99.888,WP_261307172.1,100.0
WP_375215126,WP_421666502.1,93.939,WP_301696169.1,87.534
WP_375215126,WP_366919652.1,94.595,WP_301696169.1,87.534
WP_371913286,WP_069985718.1,99.812,WP_069985719.1,99.485
WP_025481872,WP_040366718.1,98.649,WP_007208429.1,94.231
WP_188117119,WP_124065253.1,100.0,WP_124065251.1,100.0
WP_188117119,WP_332606491.1,99.2,WP_332606490.1,99.342
WP_270216850,WP_040366718.1,100.0,WP_007208429.1,99.695
WP_408841393,WP_228023579.1,100.0,WP_228023574.1,97.968
WP_282468674,WP_222704088.1,92.982,WP_070134604.1,94.262
WP_249939233,WP_409997804.1,99.797,WP_261307172.1,99.194
WP_249939233,WP_410401005.1,99.029,WP_249509501.1,99.802
WP_032418459,WP_323808049.1,97.222,WP_228712064.1,99.554
WP_032418459,WP_228710993.1,95.105,WP_228710992.1,100.0
WP_032418459,WP_228712067.1,86.486,WP_228712064.1,99.554
WP_409447007,WP_410401005.1,100.0,WP_249509501.1,99.704
WP_409447007,WP_409997804.1,99.695,WP_261307172.1,100.0
WP_186723265,WP_367239353.1,88.506,WP_239936011.1,90.076
WP_277887711,WP_425323302.1,89.362,WP_338241987.1,98.4
WP_111778802,WP_272881226.1,87.097,WP_284556596.1,91.895
WP_368294281,WP_373879108.1,96.552,WP_096695397.1,99.448
WP_174217756,WP_410401005.1,100.0,WP_249509501.1,99.802
WP_174217756,WP_409997804.1,99.797,WP_261307172.1,100.0
WP_171991444,WP_410401005.1,99.587,WP_249509501.1,99.901
WP_171991444,WP_409997804.1,99.898,WP_261307172.1,99.627
WP_043035106,WP_226961205.1,100.0,WP_226961206.1,99.758
WP_117269405,WP_228710993.1,95.105,WP_228710992.1,100.0
WP_117269405,WP_228712067.1,86.486,WP_228712064.1,99.554
WP_117269405,WP_323808049.1,97.222,WP_228712064.1,99.554
WP_173888023,WP_367239353.1,89.655,WP_239936011.1,88.55
WP_171003983,WP_409997804.1,99.797,WP_261307172.1,100.0
WP_171003983,WP_410401005.1,100.0,WP_249509501.1,99.802
WP_196613834,WP_272881226.1,96.774,WP_284556596.1,99.477
WP_258079020,WP_040366718.1,100.0,WP_007208429.1,99.856
WP_332606490,WP_124065253.1,100.0,WP_124065251.1,100.0
WP_252354387,WP_409997804.1,99.769,WP_261307172.1,100.0
WP_252354387,WP_410401005.1,100.0,WP_249509501.1,99.778
WP_065772151,WP_228710993.1,95.105,WP_228710992.1,100.0
WP_346436414,WP_312216037.1,96.552,WP_312216039.1,100.0
WP_228136781,WP_069985718.1,94.286,WP_069985719.1,93.814
WP_133092126,WP_370530164.1,95.0,WP_265077291.1,91.525
WP_133092126,WP_370530204.1,88.55,WP_265077291.1,91.525
WP_027663104,WP_410401005.1,99.587,WP_249509501.1,98.814
WP_027663104,WP_409997804.1,98.782,WP_261307172.1,99.627
WP_159306231,WP_247095357.1,94.947,WP_247095355.1,96.135
WP_245785527,WP_040366718.1,100.0,WP_007208429.1,100.0
WP_180410669,WP_409997804.1,99.797,WP_261307172.1,100.0
WP_180410669,WP_410401005.1,100.0,WP_249509501.1,99.802
WP_205592688,WP_366919652.1,94.595,WP_301696169.1,86.188
WP_205592688,WP_421666502.1,93.939,WP_301696169.1,86.188
WP_375826544,WP_040366718.1,100.0,WP_007208429.1,99.818
WP_001696646,WP_410401005.1,100.0,WP_249509501.1,99.802
WP_001696646,WP_409997804.1,99.797,WP_261307172.1,100.0
WP_241993750,WP_421666502.1,96.97,WP_301696169.1,99.641
WP_241993750,WP_366919652.1,97.297,WP_301696169.1,99.641
WP_015683439,WP_421666502.1,93.939,WP_301696169.1,87.354
WP_015683439,WP_366919652.1,94.595,WP_301696169.1,87.354
WP_200919269,WP_409997804.1,99.797,WP_261307172.1,100.0
WP_200919269,WP_410401005.1,100.0,WP_249509501.1,99.802
WP_213244804,WP_228710993.1,95.105,WP_228710992.1,98.319
WP_234232004,WP_124752490.1,93.75,WP_369073307.1,92.905
WP_325955705,WP_069985718.1,89.005,WP_069985719.1,93.814
WP_165885141,WP_243728866.1,98.485,WP_243728867.1,93.939
WP_251950508,WP_373879108.1,96.552,WP_096695397.1,100.0
WP_133285953,WP_373879108.1,98.182,WP_096695397.1,100.0
WP_117112197,WP_272881226.1,96.774,WP_284556596.1,97.647
WP_238640972,WP_069985718.1,99.812,WP_069985719.1,99.485
WP_240211071,WP_226961205.1,100.0,WP_226961206.1,99.879
WP_222926847,WP_228710993.1,95.105,WP_228710992.1,98.319
WP_227165825,WP_410401005.1,100.0,WP_249509501.1,99.543
WP_227165825,WP_409997804.1,99.502,WP_261307172.1,100.0
WP_175616550,WP_409997804.1,99.492,WP_261307172.1,100.0
WP_175616550,WP_410401005.1,100.0,WP_249509501.1,99.506
WP_146412182,WP_272881226.1,96.774,WP_284556596.1,93.856
WP_167811033,WP_425323302.1,90.909,WP_338241987.1,100.0
WP_181874669,WP_069985718.1,99.719,WP_069985719.1,99.485
WP_158119483,WP_152692415.1,94.597,WP_049007989.1,90.826
WP_340582659,WP_373879108.1,96.552,WP_096695397.1,99.49
WP_052039259,WP_373879108.1,96.552,WP_096695397.1,99.49
WP_250391431,WP_409997804.1,97.74,WP_261307172.1,100.0
WP_250391431,WP_410401005.1,100.0,WP_249509501.1,97.949
WP_368207762,WP_432281161.1,94.737,WP_138297004.1,85.586
WP_353395125,WP_233433202.1,93.548,WP_233433203.1,87.755
WP_353395125,WP_249533827.1,90.323,WP_249533828.1,87.006
WP_349400918,WP_272881226.1,96.774,WP_284556596.1,99.216
WP_165556506,WP_272881226.1,96.774,WP_284556596.1,88.366
WP_289942673,WP_409997804.1,99.595,WP_261307172.1,100.0
WP_289942673,WP_410401005.1,100.0,WP_249509501.1,99.65
WP_396275212,WP_366919652.1,94.595,WP_301696169.1,88.072
WP_396275212,WP_421666502.1,93.939,WP_301696169.1,88.072
WP_064148934,WP_272881226.1,93.548,WP_284556596.1,92.81
WP_142913199,WP_228710993.1,90.698,WP_228710992.1,100.0
WP_341783789,WP_373879108.1,96.552,WP_096695397.1,98.98
WP_407491123,WP_409997804.1,99.797,WP_261307172.1,100.0
WP_407491123,WP_410401005.1,100.0,WP_249509501.1,99.802
WP_258219432,WP_421666502.1,93.939,WP_301696169.1,99.91
WP_258219432,WP_366919652.1,94.595,WP_301696169.1,99.91
WP_239661514,WP_040366718.1,100.0,WP_007208429.1,86.294
WP_111946645,WP_110014917.1,93.496,WP_110014918.1,91.929
WP_187576451,WP_124065253.1,100.0,WP_124065251.1,100.0
WP_187576451,WP_332606491.1,99.2,WP_332606490.1,99.342
WP_172950547,WP_410401005.1,100.0,WP_249509501.1,99.802
WP_172950547,WP_409997804.1,99.797,WP_261307172.1,100.0
WP_250668008,WP_409997804.1,99.815,WP_261307172.1,100.0
WP_250668008,WP_410401005.1,100.0,WP_249509501.1,99.821
WP_226961148,WP_226961205.1,100.0,WP_226961206.1,99.879
WP_044764344,WP_226961205.1,100.0,WP_226961206.1,99.879
WP_227661725,WP_069985718.1,99.812,WP_069985719.1,99.485
WP_230242105,WP_272881226.1,87.097,WP_284556596.1,91.895
WP_074412887,WP_226961205.1,100.0,WP_226961206.1,99.758
WP_140005999,WP_272881226.1,96.774,WP_284556596.1,99.216
WP_075647428,WP_247095357.1,94.947,WP_247095355.1,96.135
WP_227525956,WP_421666502.1,93.939,WP_301696169.1,100.0
WP_227525956,WP_366919652.1,94.595,WP_301696169.1,100.0
WP_262361641,WP_228710993.1,95.105,WP_228710992.1,98.319
WP_013447916,WP_230577283.1,100.0,WP_230577281.1,94.227
WP_324826158,WP_226961205.1,100.0,WP_226961206.1,98.864
WP_341783780,WP_373879108.1,98.182,WP_096695397.1,100.0
WP_124065251,WP_332606491.1,99.2,WP_332606490.1,100.0
WP_225595090,WP_040366718.1,96.552,WP_007208429.1,94.636
WP_339961113,WP_113774492.1,93.919,WP_370738454.1,93.013
WP_278019515,WP_040366718.1,96.552,WP_007208429.1,95.351
WP_231527658,WP_410401005.1,100.0,WP_249509501.1,98.936
WP_231527658,WP_409997804.1,99.595,WP_261307172.1,100.0
WP_226382740,WP_410401005.1,100.0,WP_249509501.1,99.78
WP_226382740,WP_409997804.1,99.888,WP_261307172.1,100.0
WP_019269576,WP_243728866.1,98.485,WP_243728867.1,94.545
WP_337444784,WP_410401005.1,100.0,WP_249509501.1,99.901
WP_337444784,WP_409997804.1,99.898,WP_261307172.1,100.0
WP_170988291,WP_409997804.1,99.797,WP_261307172.1,100.0
WP_170988291,WP_410401005.1,100.0,WP_249509501.1,99.802
WP_267615558,WP_409997804.1,99.898,WP_261307172.1,99.627
WP_267615558,WP_410401005.1,99.587,WP_249509501.1,99.901
WP_118370843,WP_182430006.1,98.876,WP_118344937.1,100.0
WP_118370843,WP_416388739.1,95.455,WP_119218706.1,100.0
WP_190319101,WP_409997804.1,99.797,WP_261307172.1,100.0
WP_190319101,WP_410401005.1,100.0,WP_249509501.1,99.802
WP_269480769,WP_269490028.1,93.976,WP_269485197.1,97.983
WP_263775130,WP_272881226.1,96.774,WP_284556596.1,99.346
WP_228594996,WP_410401005.1,100.0,WP_249509501.1,99.772
WP_228594996,WP_409997804.1,99.761,WP_261307172.1,100.0
WP_323917651,WP_228036025.1,95.455,WP_228023574.1,98.549
WP_323917651,WP_228023579.1,97.436,WP_228023574.1,98.549
WP_250951369,WP_247095357.1,94.83,WP_247095355.1,96.135
WP_165430738,WP_272881226.1,92.593,WP_284556596.1,87.712
WP_368471378,WP_410401005.1,100.0,WP_249509501.1,99.497
WP_368471378,WP_409997804.1,99.435,WP_261307172.1,100.0
WP_289693744,WP_409997804.1,99.833,WP_261307172.1,100.0
WP_289693744,WP_410401005.1,100.0,WP_249509501.1,99.838
WP_349482855,WP_272881226.1,96.774,WP_284556596.1,93.035
WP_044984291,WP_226961205.1,100.0,WP_226961206.1,99.758
WP_161450407,WP_152692415.1,92.737,WP_049007989.1,88.991
WP_170101067,WP_069985718.1,90.995,WP_069985719.1,95.876
WP_001505097,WP_409997804.1,98.883,WP_261307172.1,99.627
WP_001505097,WP_410401005.1,99.587,WP_249509501.1,98.913
WP_141577544,WP_226961205.1,100.0,WP_226961206.1,99.758
WP_367379635,WP_228710993.1,95.105,WP_228710992.1,100.0
WP_010724333,WP_040366718.1,96.552,WP_007208429.1,86.909
WP_187493027,WP_312216037.1,86.782,WP_312216039.1,92.126
WP_271859961,WP_040366718.1,100.0,WP_007208429.1,86.909
WP_087850366,WP_228710993.1,95.105,WP_228710992.1,98.319
WP_072123065,WP_272881226.1,93.548,WP_284556596.1,92.157
WP_023180558,WP_410401005.1,92.975,WP_249509501.1,86.364
WP_023180558,WP_409997804.1,85.99,WP_261307172.1,93.657
WP_042324710,WP_272881226.1,87.097,WP_284556596.1,90.816
WP_348636647,WP_247095357.1,94.83,WP_247095355.1,96.135
WP_172812044,WP_410401005.1,100.0,WP_249509501.1,99.802
WP_172812044,WP_409997804.1,99.797,WP_261307172.1,100.0
WP_394611093,WP_228710993.1,95.105,WP_228710992.1,98.319
WP_259904975,WP_409997804.1,99.797,WP_261307172.1,100.0
WP_259904975,WP_410401005.1,100.0,WP_249509501.1,99.802
WP_204362917,WP_409997804.1,99.797,WP_261307172.1,100.0
WP_204362917,WP_410401005.1,100.0,WP_249509501.1,99.802
WP_159318245,WP_421666502.1,93.939,WP_301696169.1,87.354
WP_159318245,WP_366919652.1,94.595,WP_301696169.1,87.354
WP_249509501,WP_409997804.1,99.898,WP_261307172.1,93.75
WP_286540431,WP_421666502.1,93.939,WP_301696169.1,87.354
WP_286540431,WP_366919652.1,94.595,WP_301696169.1,87.354
WP_284554779,WP_272881226.1,95.833,WP_284556596.1,99.477
WP_269489003,WP_269490028.1,93.976,WP_269485197.1,98.271
WP_198290410,WP_410401005.1,99.587,WP_249509501.1,99.704
WP_198290410,WP_409997804.1,99.695,WP_261307172.1,99.627
WP_043000468,WP_152692415.1,95.128,WP_049007989.1,89.908
WP_117089139,WP_272881226.1,93.548,WP_284556596.1,92.81
WP_331326605,WP_272881226.1,96.774,WP_284556596.1,88.497
WP_255128776,WP_272881226.1,86.667,WP_284556596.1,91.413
WP_311817559,WP_040366718.1,100.0,WP_007208429.1,92.818
WP_283798173,WP_272881226.1,96.774,WP_284556596.1,99.187
WP_076645149,WP_373879108.1,96.552,WP_096695397.1,99.49
WP_193757643,WP_425323302.1,89.362,WP_338241987.1,99.777
WP_241693890,WP_040366718.1,100.0,WP_007208429.1,87.579
WP_094917433,WP_069985718.1,89.005,WP_069985719.1,93.814
WP_001442743,WP_409997804.1,99.797,WP_261307172.1,100.0
WP_001442743,WP_410401005.1,100.0,WP_249509501.1,99.802
WP_001218334,WP_425323302.1,89.362,WP_338241987.1,99.888
WP_263062562,WP_410401005.1,100.0,WP_249509501.1,99.605
WP_263062562,WP_409997804.1,99.594,WP_261307172.1,100.0
WP_105133957,WP_226961205.1,95.604,WP_226961206.1,86.795
WP_372433453,WP_238989866.1,97.688,WP_238989865.1,97.698
WP_074392124,WP_226961205.1,98.901,WP_226961206.1,99.879
WP_348919630,WP_409997804.1,99.797,WP_261307172.1,100.0
WP_348919630,WP_410401005.1,100.0,WP_249509501.1,99.802
WP_250221809,WP_410401005.1,100.0,WP_249509501.1,99.643
WP_250221809,WP_409997804.1,99.595,WP_261307172.1,100.0
WP_102879335,WP_367239353.1,87.356,WP_239936011.1,86.26
WP_260836849,WP_366919652.1,91.892,WP_301696169.1,86.856
WP_260836849,WP_421666502.1,90.909,WP_301696169.1,86.856
WP_130983599,WP_069985718.1,99.719,WP_069985719.1,99.485
WP_258096157,WP_409997804.1,99.797,WP_261307172.1,100.0
WP_258096157,WP_410401005.1,100.0,WP_249509501.1,99.802
WP_016357129,WP_281193273.1,100.0,WP_342672723.1,99.602
WP_236941986,WP_409997804.1,99.778,WP_261307172.1,100.0
WP_236941986,WP_410401005.1,100.0,WP_249509501.1,99.815
WP_153781354,WP_272881226.1,96.774,WP_284556596.1,99.216
WP_349612002,WP_226961205.1,100.0,WP_226961206.1,99.796
WP_005777172,WP_367239353.1,87.356,WP_239936011.1,90.84
WP_311812599,WP_040366718.1,100.0,WP_007208429.1,87.67
WP_313433878,WP_272881226.1,93.548,WP_284556596.1,88.105
WP_102015970,WP_323808049.1,100.0,WP_228712064.1,98.925
WP_369672417,WP_040366718.1,96.552,WP_007208429.1,94.636
WP_084818649,WP_409997804.1,99.797,WP_261307172.1,100.0
WP_084818649,WP_410401005.1,100.0,WP_249509501.1,99.802
WP_400397884,WP_272881226.1,87.097,WP_284556596.1,92.157
WP_243572908,WP_040366718.1,100.0,WP_007208429.1,86.818
WP_209739907,WP_069985718.1,95.113,WP_069985719.1,96.392
WP_228712064,WP_228710993.1,92.754,WP_228710992.1,100.0
WP_122302929,WP_367239353.1,87.356,WP_239936011.1,90.076
WP_118362716,WP_416388739.1,95.455,WP_119218706.1,99.398
WP_118362716,WP_182430006.1,100.0,WP_118344937.1,100.0
WP_044764667,WP_226961205.1,100.0,WP_226961206.1,99.879
WP_240767851,WP_272881226.1,93.548,WP_284556596.1,94.771
WP_072644865,WP_272881226.1,96.774,WP_284556596.1,99.346
WP_241425009,WP_373879108.1,96.552,WP_096695397.1,99.49
WP_211823690,WP_272881226.1,90.323,WP_284556596.1,92.288
WP_283705036,WP_110014917.1,93.86,WP_110014918.1,91.176
WP_141265856,WP_373879108.1,96.552,WP_096695397.1,100.0
WP_005602297,WP_416388739.1,95.455,WP_119218706.1,86.145
WP_005602297,WP_182430006.1,85.393,WP_118344937.1,87.097
WP_394606434,WP_228710993.1,95.105,WP_228710992.1,98.319
WP_242925616,WP_272881226.1,93.548,WP_284556596.1,92.288
WP_289666377,WP_373879108.1,96.552,WP_096695397.1,99.49
WP_254681276,WP_373879108.1,96.552,WP_096695397.1,99.49
WP_308332197,WP_272881226.1,96.774,WP_284556596.1,99.477
WP_305867881,WP_272881226.1,96.774,WP_284556596.1,99.346
WP_223723883,WP_425323302.1,89.362,WP_338241987.1,99.777
WP_010775591,WP_040366718.1,100.0,WP_007208429.1,86.909
WP_001278662,WP_272881226.1,96.774,WP_284556596.1,99.346
WP_065863749,WP_367239353.1,87.356,WP_239936011.1,90.84
WP_162100803,WP_373879108.1,96.552,WP_096695397.1,98.98
WP_260838386,WP_410401005.1,100.0,WP_249509501.1,99.594
WP_260838386,WP_409997804.1,99.587,WP_261307172.1,100.0
WP_096778028,WP_272881226.1,96.774,WP_284556596.1,99.477
WP_316364037,WP_269490028.1,92.941,WP_269485197.1,95.192
WP_176215828,WP_410401005.1,99.587,WP_249509501.1,99.802
WP_176215828,WP_409997804.1,99.797,WP_261307172.1,99.627
WP_100692674,WP_272881226.1,96.774,WP_284556596.1,99.302
WP_181948810,WP_069985718.1,99.625,WP_069985719.1,98.454
WP_289883115,WP_226961205.1,100.0,WP_226961206.1,99.758
WP_227013145,WP_226961205.1,100.0,WP_226961206.1,97.917
WP_286933439,WP_272881226.1,96.774,WP_284556596.1,88.627
WP_251925496,WP_373879108.1,96.552,WP_096695397.1,100.0
WP_193547011,WP_152692415.1,95.37,WP_049007989.1,88.182
WP_302351210,WP_040366718.1,100.0,WP_007208429.1,86.416
WP_110184320,WP_272881226.1,93.548,WP_284556596.1,92.288
WP_096261741,WP_272881226.1,96.774,WP_284556596.1,99.477
WP_130986030,WP_272881226.1,87.097,WP_284556596.1,85.359
WP_174491135,WP_410401005.1,100.0,WP_249509501.1,99.111
WP_174491135,WP_409997804.1,99.086,WP_261307172.1,100.0
WP_367237754,WP_367239353.1,85.057,WP_239936011.1,85.496
WP_244334972,WP_272881226.1,96.774,WP_284556596.1,97.647
WP_289890003,WP_226961205.1,100.0,WP_226961206.1,99.758
WP_243055920,WP_272881226.1,96.774,WP_284556596.1,98.954
WP_150341776,WP_069985718.1,88.72,WP_069985719.1,93.814
WP_218569191,WP_040366718.1,96.552,WP_007208429.1,95.424
WP_181981926,WP_124752490.1,92.708,WP_369073307.1,93.243
WP_080213581,WP_272881226.1,86.667,WP_284556596.1,91.111
WP_407251356,WP_228710993.1,95.105,WP_228710992.1,98.319
WP_044558297,WP_226961205.1,100.0,WP_226961206.1,99.758
WP_088568788,WP_272881226.1,96.774,WP_284556596.1,99.216
WP_395266374,WP_272881226.1,93.548,WP_284556596.1,89.542
WP_050290357,WP_272881226.1,93.548,WP_284556596.1,92.81
WP_284986547,WP_349472011.1,96.875,WP_349472010.1,97.408
WP_120124000,WP_416388739.1,95.455,WP_119218706.1,87.349
WP_061827378,WP_373879108.1,96.552,WP_096695397.1,99.49
WP_074411445,WP_226961205.1,100.0,WP_226961206.1,99.879
WP_048995873,WP_272881226.1,93.548,WP_284556596.1,92.81
WP_258404751,WP_410401005.1,100.0,WP_249509501.1,99.291
WP_258404751,WP_409997804.1,99.595,WP_261307172.1,100.0
WP_147607111,WP_040366718.1,96.552,WP_007208429.1,92.282
WP_233433203,WP_272881226.1,93.548,WP_284556596.1,90.693
WP_137963353,WP_247095357.1,95.028,WP_247095355.1,95.411
WP_229233777,WP_152692415.1,96.875,WP_049007989.1,89.091
WP_253263110,WP_040366718.1,96.552,WP_007208429.1,96.703
WP_251257918,WP_410401005.1,100.0,WP_249509501.1,98.955
WP_251257918,WP_409997804.1,99.595,WP_261307172.1,100.0
WP_163427638,WP_272881226.1,96.774,WP_284556596.1,99.346
WP_118758238,WP_416388739.1,95.455,WP_119218706.1,87.349
WP_131032880,WP_272881226.1,93.548,WP_284556596.1,92.288
WP_253215341,WP_226961205.1,97.802,WP_226961206.1,88.929
WP_138266778,WP_432281161.1,94.737,WP_138297004.1,85.586
WP_332424138,WP_434999535.1,98.795,WP_341775342.1,100.0
WP_373404141,WP_069985718.1,88.815,WP_069985719.1,93.814
WP_226295165,WP_272881226.1,96.774,WP_284556596.1,89.673
WP_258078209,WP_040366718.1,100.0,WP_007208429.1,86.945
WP_014584482,WP_230577283.1,100.0,WP_230577281.1,94.433
WP_291802237,WP_432281161.1,96.761,WP_138297004.1,97.285
WP_274122695,WP_069985718.1,98.63,WP_069985719.1,93.814
WP_327621480,WP_069985718.1,86.755,WP_069985719.1,93.299
WP_071645254,WP_272881226.1,86.667,WP_284556596.1,91.765
WP_347035668,WP_432281161.1,90.688,WP_138297004.1,97.738
WP_347403489,WP_409997804.1,99.695,WP_261307172.1,93.75
WP_257371185,WP_349472011.1,90.09,WP_349472010.1,97.408
WP_203196676,WP_228710993.1,95.105,WP_228710992.1,98.319
WP_221695464,WP_272881226.1,93.548,WP_284556596.1,92.418
WP_325820473,WP_040366718.1,100.0,WP_007208429.1,91.091
WP_099960298,WP_373879108.1,96.552,WP_096695397.1,98.469
WP_074385516,WP_152692415.1,94.638,WP_049007989.1,88.073
WP_127835863,WP_113774492.1,93.919,WP_370738454.1,92.576
WP_023370277,WP_434999535.1,98.182,WP_341775342.1,100.0
WP_054176791,WP_272881226.1,87.097,WP_284556596.1,90.816
WP_134064699,WP_367239353.1,88.506,WP_239936011.1,90.076
WP_106459658,WP_226961205.1,100.0,WP_226961206.1,99.758
WP_024247922,WP_272881226.1,96.774,WP_284556596.1,99.346
WP_348881258,WP_227554590.1,96.939,WP_227554673.1,85.043
WP_267203781,WP_272881226.1,96.774,WP_284556596.1,99.117
WP_318220704,WP_272881226.1,96.774,WP_284556596.1,99.216
